ID,text
0,5B6KN3
1,47A2EV
10,24W558
100,GF4C87
1000,JKH26W
1001,DBBYNH
1002,HH7UKU
1003,WS3QQC
1004,XBBM72
1005,9G4BD8
1006,RGY6XJ
1007,7ZZ85R
1008,RVJGRF
1009,HQFYCU
101,88PAUU
1010,6BTVUV
1011,NU26XT
1012,2MSMZ8
1013,6BGW6T
1014,FC4Z4P
1015,WCBRX2
1016,SF6M3A
1017,497H4V
1018,P7NNQD
1019,A7TTYY
102,VSDFYC
1020,QT9VW4
1021,V6PKSE
1022,UMS25R
1023,BG4VNK
1024,DYGXGQ
1025,CPTWET
1026,95X7W3
1027,YH3VFH
1028,ACTDQD
1029,9VUS5D
103,Y5S6Z3
1030,3QJM4T
1031,SHFQ6R
1032,K8VH54
1033,K4943M
1034,HNGAQU
1035,HSMBG5
1036,K42DDU
1037,5WHKCP
1038,8XKN4C
1039,WQ6Q5U
104,8NTGRY
1040,7Y4RBP
1041,S576J9
1042,TC535F
1043,HNNPG9
1044,BSA7NF
1045,4Y3W4V
1046,XEWPKW
1047,Z7VTAX
1048,75FG39
1049,FH8H49
105,MMB9T3
1050,WGU5YB
1051,8E4PV6
1052,ZT8ER7
1053,Q4VE7H
1054,2D5A8J
1055,ZZVWBB
1056,9P2AX3
1057,FWM4K4
1058,WFR8BG
1059,TGSBQ9
106,VGR86A
1060,5ZXV8B
1061,JU6XH7
1062,RUAUBH
1063,KFFAQW
1064,NP7CXQ
1065,7Q6CCQ
1066,JDHMDE
1067,R4GQTY
1068,D2DKSA
1069,M63CUH
107,8G9UXC
1070,VRAD5K
1071,C4YSFA
1072,HXKWNK
1073,ZS9ZMP
1074,2PBQGJ
1075,8PJEBK
1076,JPJBRJ
1077,95VC6P
1078,FFTH2W
1079,UAZ68F
108,JRFYN5
1080,YYTTSD
1081,US3F82
1082,NN7MFU
1083,4CUSX4
1084,CSZHFF
1085,YXN5XR
1086,YGFUTJ
1087,J6G4P4
1088,UNR9PX
1089,A9V7RE
109,SB2DVY
1090,9GBF9W
1091,H6PR3U
1092,FHRY32
1093,YJVC5V
1094,E7MHMN
1095,TH4643
1096,FEAWYP
1097,M5N6MB
1098,VZNVES
1099,JBT3JD
11,7K5FU3
110,RS5EEN
1100,BRJHSV
1101,VP9AGG
1102,B9EXXN
1103,Q6E7PC
1104,EYD8XU
1105,299KBQ
1106,X2CKZD
1107,97FVV6
1108,X6PAHJ
1109,5GAGXS
111,TN3GND
1110,PKW3ET
1111,VVS3XD
1112,EX9AZK
1113,PQGA45
1114,QWVVRW
1115,G59FBZ
1116,699JMF
1117,JHEGY9
1118,VGHHNV
1119,BA5Z4K
112,UU6QVG
1120,8D965F
1121,4RDDY4
1122,QRCUA6
1123,D2JW6H
1124,8ACTAX
1125,S9KR99
1126,7UNEJU
1127,WTYP4Y
1128,HDDATH
1129,E6FZQE
113,KCMJRC
1130,XKGUWY
1131,UU4HD9
1132,JA39DF
1133,6WCAFS
1134,F6R9ZH
1135,VJJ4D9
1136,ARF3A4
1137,UWRYFH
1138,VFXCY9
1139,GC2NPE
114,JBEC66
1140,H3JEMS
1141,DNADUY
1142,VZR24S
1143,VT8GZV
1144,MSSKRM
1145,MHBSJQ
1146,4UH2ZR
1147,FECKGA
1148,APT78W
1149,FTX9Y2
115,BPNMHC
1150,2UB7CX
1151,6R2GPJ
1152,PPE4PZ
1153,DW3C97
1154,WP8622
1155,99BU8P
1156,Z6746Z
1157,YU87FN
1158,KFKFHD
1159,2VBCFY
116,HKMBQG
1160,TGAEK9
1161,SVX54H
1162,4XBXZF
1163,4DKEEQ
1164,9QK2ZU
1165,D9XUXX
1166,SSCJMG
1167,9BA3KQ
1168,G957WJ
1169,JRNK3N
117,JFRCEW
1170,AY2H3X
1171,KA4A53
1172,7PNXBG
1173,68SMRJ
1174,4JNC6S
1175,A7YD33
1176,6449Q5
1177,X4Z684
1178,55NRVG
1179,68U5D7
118,RMJA7Q
1180,55FVHB
1181,5ZK6DD
1182,KS98VM
1183,TKQ3EN
1184,3JNQXE
1185,FPKNTX
1186,BA9FB6
1187,JTS5BT
1188,GR8DF2
1189,SFTG8P
119,YS2ZMB
1190,6CR72Y
1191,J7QNZ4
1192,FUNJXG
1193,RNJ7R6
1194,437WFB
1195,H8VRHZ
1196,4Q3BZV
1197,N3KPQB
1198,M65F7Z
1199,24ZEBT
12,HYQRW4
120,BC3CHZ
1200,XHHDS3
1201,WEYCQR
1202,PACRU3
1203,BK4TKR
1204,FCFDUX
1205,TCDAAH
1206,S6UY32
1207,ND4PKU
1208,TC6ZE7
1209,NUKM4C
121,82HWWS
1210,YCVC3S
1211,GA287X
1212,JA2JYY
1213,GDTVE9
1214,T4GE5A
1215,Y4PQPN
1216,UWZC6E
1217,MF9F4V
1218,RZ3RZR
1219,JSBWFQ
122,XFGPNH
1220,6RGU3U
1221,DMXMWM
1222,D5FNWF
1223,2BPEC2
1224,WHSEC7
1225,C23DMW
1226,W232YN
1227,ZCTNPB
1228,5APR3B
1229,YZPQA3
123,AZE3KJ
1230,4WMP7Y
1231,NA9YD8
1232,UYHCZZ
1233,5E4PMJ
1234,JV9NVS
1235,E7FDTP
1236,ZG53F8
1237,KY96A8
1238,35ZDAA
1239,5ZYWJP
124,SKEU8U
1240,5AT3C4
1241,Q9CY3U
1242,ZGGBSG
1243,PW7DYU
1244,6QK4NK
1245,XJ2FHC
1246,PNAYX6
1247,T2QRJB
1248,936QMC
1249,YHQR7A
125,CZD666
1250,3TBH2V
1251,6EFQWC
1252,WP3ZY4
1253,77ZMDJ
1254,ACQCD4
1255,EBE6H7
1256,TT9TFG
1257,YDUKYU
1258,E3XCA9
1259,BBZWAM
126,CXGCNT
1260,GCYNZY
1261,CGZJKD
1262,UD5NMC
1263,HNZ4TT
1264,B2KAXB
1265,96H72Q
1266,39FAZC
1267,4E2MK3
1268,CG2VBV
1269,J7PTPG
127,2MRGMN
1270,K83E5Y
1271,C5K9QD
1272,WBKB8E
1273,6BN2FJ
1274,XN3UW6
1275,C2359K
1276,YPB5AC
1277,PT53YM
1278,XJUP33
1279,H2X9RE
128,G9ZJ3R
1280,3WEKUY
1281,SSW2DT
1282,GEP3FE
1283,ZFV9XQ
1284,DPWDQC
1285,VGWMF5
1286,64M7KS
1287,6KTN3F
1288,NCVF87
1289,VV9Z3U
129,6DKNPC
1290,PMWW5P
1291,D4Y8D9
1292,BKV4ZB
1293,JFPD6X
1294,FJJYN4
1295,F6PRBM
1296,S86YBS
1297,PWVK4B
1298,K8MK2C
1299,ATM9DC
13,9SZ8RT
130,XCD6MV
1300,VVVJER
1301,CJEWEK
1302,23F4NW
1303,62HUKH
1304,KXDSD6
1305,S3BZ9Y
1306,V5GS4V
1307,TQ4GGH
1308,69WEKX
1309,K27Q9V
131,3WCUWK
1310,PCQFFF
1311,WHSH9K
1312,NPHHB8
1313,KQ9Y98
1314,PCUUZN
1315,68GWGX
1316,992R6J
1317,5XD6SR
1318,EJGQDS
1319,DJ5A45
132,U66RUY
1320,ADF29W
1321,4QZYGQ
1322,F8E4QD
1323,DAFWNY
1324,Q3W2X6
1325,WSNC56
1326,UB5RAF
1327,662AB9
1328,8U2NDG
1329,9YPMRK
133,VQ8ZFF
1330,A8Q44W
1331,Z42C7R
1332,JCJWDW
1333,KPN3UU
1334,3AWC5P
1335,KVAY9J
1336,ST6ERT
1337,7HVPVY
1338,4D3GKH
1339,P9DMPF
134,PAP3U6
1340,GRNNJS
1341,W27NQK
1342,SBWRY4
1343,SNX4G2
1344,YJ6AUK
1345,Y597EU
1346,UNMN9C
1347,R2XPSZ
1348,FJA66N
1349,CHMCRG
135,6WHQ95
1350,NQFGWC
1351,H6JNX6
1352,JKWRME
1353,PQQX38
1354,QAVEHB
1355,EA8N6C
1356,TY89UM
1357,JSH3K7
1358,DW6YR3
1359,5A29MW
136,KTKCC3
1360,24UK8S
1361,G4APPZ
1362,UVRF77
1363,YUKFFY
1364,ZZUT84
1365,2F59HV
1366,C44UMP
1367,CF6YVK
1368,ABMUPU
1369,U5UUM3
137,6FNQFF
1370,HJ8FW4
1371,K78PC8
1372,WZH5BV
1373,ZEUT66
1374,AQ2NKW
1375,DTSJR9
1376,A8BK53
1377,VMMQRF
1378,KEM4DR
1379,NTENQZ
138,257JMY
1380,DSCZAU
1381,A4265B
1382,2XPUP3
1383,XSDZT3
1384,RQ35WR
1385,57DWX6
1386,SZVVGH
1387,YVCRSU
1388,78M2RP
1389,96XY9Q
139,ANKTF4
1390,QW8SKH
1391,95ZN5A
1392,3BSQAW
1393,AGN86N
1394,64G52K
1395,EF94PG
1396,E2UQQH
1397,XQ9A9N
1398,P4Y9DJ
1399,QT5ETZ
14,SF6SPP
140,NDHSPE
1400,F6QMRY
1401,RBPET8
1402,R9KQXV
1403,59SBDV
1404,V553GK
1405,KXAK26
1406,8CCF8X
1407,4YRYQV
1408,DG957G
1409,ZFZBTU
141,WGKQ6P
1410,BK74NE
1411,PHPPK6
1412,7J7A23
1413,MF9D9B
1414,6HC4X5
1415,KNXUB9
1416,92QKZS
1417,QVWTE4
1418,YP7G3G
1419,QH4675
142,SDAAME
1420,SF3YV6
1421,3UNV6H
1422,7CPTFN
1423,6H5337
1424,5GK5ZD
1425,JK8D3G
1426,RF8B46
1427,QTMMUD
1428,VKTNB4
1429,AMNKUN
143,8RDU8U
1430,2KMVVJ
1431,RUCPGF
1432,663T5C
1433,WUHNNR
1434,27W9RQ
1435,7H3FW2
1436,EXJ7F9
1437,RS4H9P
1438,DV29HY
1439,7XYTS4
144,XZERYJ
1440,T9YCGT
1441,8RPVD3
1442,SWSUNR
1443,SJ6NWE
1444,76DYKD
1445,MSZFQD
1446,RBCPK2
1447,8GD5NU
1448,R8YPDV
1449,WQYHNB
145,8TW6Z2
1450,3JTDM8
1451,PU8UG6
1452,GRNH6K
1453,SXE93K
1454,TX2ZTA
1455,JRVV35
1456,3WW6BM
1457,HF9K8K
1458,4WSKSM
1459,BFE4SR
146,57X8HB
1460,XA36BF
1461,ZFJD6C
1462,CXTFXH
1463,JBR8MT
1464,ZXZS4M
1465,BPU6XS
1466,HDF4EB
1467,5RXMDB
1468,TJZW8N
1469,SBY9P8
147,VR3DF3
1470,JGMZ9H
1471,9JZBAD
1472,4NVGJD
1473,PDAB2C
1474,HDHK92
1475,P53F2Y
1476,WMGNJC
1477,VXNJXF
1478,BNA7EY
1479,DT3KUF
148,USN2MS
1480,QFJNE3
1481,4ZHHX8
1482,8ED5YA
1483,T58UPR
1484,W5FCYZ
1485,BM6VNC
1486,V32EHS
1487,TGG3YH
1488,B9AY9M
1489,BDY945
149,MP4BHU
1490,7BZDKT
1491,PFRY9Z
1492,NGHGWJ
1493,63SV5C
1494,AZUFSV
1495,ZER2S6
1496,RMX3CF
1497,HKRPPY
1498,AG53HS
1499,785NXV
15,MJQ2M8
150,QGBJ6K
1500,ZKEWUC
1501,G2UEN4
1502,VGVH8R
1503,4WV8PM
1504,AYNC2W
1505,RN9J63
1506,QFT3A7
1507,R38FD6
1508,28KQPR
1509,H7AMR9
151,KEGJ3H
1510,6W85RP
1511,KKW33A
1512,CZNEDT
1513,ETN848
1514,7U7BHG
1515,33FPJ3
1516,M9T4ED
1517,XSVPRJ
1518,VKG42H
1519,SNU9VZ
152,7SAV7S
1520,Y3TZF6
1521,4SKGEF
1522,P5HBSU
1523,W8TUK5
1524,5C94XZ
1525,EY7MHN
1526,N2ACAT
1527,YUES4P
1528,TD9D3P
1529,ZRPCQK
153,9MM5ZN
1530,K7PTQ5
1531,FYVXYY
1532,42HGEC
1533,HR77FJ
1534,XG3P8M
1535,UGJ78E
1536,DYM2D8
1537,C9PZYB
1538,5RRN3U
1539,FXV25H
154,UMK62M
1540,36TFFJ
1541,Q7SNBV
1542,U92EGD
1543,2K6C4G
1544,356KFQ
1545,YT9PBJ
1546,BC38EQ
1547,UC3YGZ
1548,NQVY7C
1549,8PME2Z
155,PGETFJ
1550,QVVW43
1551,J66YSZ
1552,NBWMYU
1553,J3VWHU
1554,XP74D5
1555,9K4S5B
1556,5HKKC8
1557,E9UBFS
1558,5JUG5M
1559,PJG2M4
156,57XQ9P
1560,NAGF2R
1561,WTG5ND
1562,Z8RG5U
1563,XMHS6M
1564,BGJHUV
1565,J6JZHJ
1566,SGS8JT
1567,CY68DH
1568,RX9E2M
1569,M4K9W7
157,UB2TX4
1570,EJGMJQ
1571,9MUG6J
1572,6W7UF7
1573,GQN9SN
1574,BG8XZB
1575,AV5Z8H
1576,KJB2XE
1577,EAHZSY
1578,EPH26K
1579,KM4BRG
158,QK2J2M
1580,9SVYNY
1581,SYYJT5
1582,JGQPQ6
1583,XMBZCQ
1584,TCY3FZ
1585,7235FT
1586,BXPPEZ
1587,DHRTZA
1588,P2VWGW
1589,EETV23
159,HBCZ8S
1590,VDYNSJ
1591,CJE89J
1592,PBMKYH
1593,T88P7D
1594,59JSC6
1595,CJ3MVF
1596,J2MQQT
1597,NA2C2R
1598,T2RV6F
1599,6A9FMX
16,3JBPAS
160,MG5X5J
1600,5HZX62
1601,YCMZRB
1602,T9UJSY
1603,WT8JDX
1604,6JK6ZB
1605,J89HPR
1606,C3MT5Y
1607,EV6J94
1608,Z889VW
1609,NNNXAV
161,VZPDXX
1610,GU9CRS
1611,KJCBHM
1612,TQZJ6D
1613,WB6GDM
1614,ZWQK3T
1615,24ZBWG
1616,Y7QRCK
1617,9ZU37G
1618,B9UR82
1619,Z7JK6J
162,CU53VD
1620,JH9QS9
1621,CQ5DFN
1622,W5EG24
1623,UQC72W
1624,253USQ
1625,3K6HR6
1626,RU7CRG
1627,M4CVMR
1628,KMABDS
1629,WRJ7P8
163,QXJH6Q
1630,2CTPQY
1631,CB2YD5
1632,QJE2XZ
1633,YA8VWC
1634,5R24YJ
1635,KHTDHV
1636,PPPC3Y
1637,C36UR5
1638,HGFAJT
1639,22C85Z
164,4RH732
1640,R6ND2W
1641,WR8KD2
1642,BGNKMV
1643,NVRPXN
1644,FNMJHQ
1645,BRBQSF
1646,7XSWKN
1647,NN2RAH
1648,ZCM666
1649,K4E6RP
165,94TVC7
1650,A9FXME
1651,AWNHCU
1652,3P4MX2
1653,DGMECA
1654,2TFM3D
1655,CFPE8F
1656,4SHUD5
1657,8V8P9Q
1658,BNQM6X
1659,4Z9BRC
166,ZQKU6Y
1660,VRX28P
1661,5M6D4Q
1662,FE4JHG
1663,9B4PYH
1664,G756D7
1665,Y6YA8Y
1666,5BVRVS
1667,DSFY74
1668,P6HQ26
1669,KSAHUP
167,4C66PX
1670,K6FGAR
1671,9D2K4E
1672,442AVZ
1673,8579QW
1674,3V5G3B
1675,J4MGNA
1676,EYWZ42
1677,53HNPY
1678,3W5P4W
1679,VG2ZRG
168,KFWUQX
1680,BXU7H9
1681,MRA5QK
1682,WRAUXX
1683,MY8WTX
1684,2CHH8X
1685,E9XKYT
1686,V5K8WY
1687,FEN8AQ
1688,35ZW6M
1689,K9JZR7
169,TNKMSH
1690,NVMK87
1691,NQVDEY
1692,KNJ2EF
1693,H7E8NB
1694,MFCHCP
1695,AGBYQU
1696,UX6FJX
1697,M69M35
1698,NEXHSQ
1699,8ENBQC
17,M8XNK4
170,87TQKC
1700,V6EZGP
1701,34R8NE
1702,B6F4KH
1703,EN64BC
1704,NFX2QR
1705,2AQV6V
1706,QRXJ2R
1707,6KS5BW
1708,ZNK66M
1709,XVJ8VK
171,JSWN5Z
1710,QZMS49
1711,PKAS4E
1712,VG2ASF
1713,SUHV6Y
1714,V6EKFZ
1715,98FU2X
1716,3EUU4U
1717,ZAVSFG
1718,E53X64
1719,MRDJJH
172,PGRNXH
1720,JY2CQ9
1721,E4W3JW
1722,8MSR6S
1723,K5D7WH
1724,GM6VES
1725,9A2MHC
1726,JRBA8W
1727,MCQRAE
1728,432VHC
1729,QBX374
173,XBTU3A
1730,NH7SBW
1731,XNT3XD
1732,XD5STU
1733,Q9KQHC
1734,ZT5FT7
1735,MSWKNQ
1736,YPWF77
1737,N3VTST
1738,JCTRET
1739,43EQ26
174,TWMZTS
1740,4HE42P
1741,GEFCFA
1742,KG48T9
1743,GVHE8Q
1744,VQK7B5
1745,477PK2
1746,RJRCEA
1747,HDX6P9
1748,E42MAN
1749,MND2CM
175,RU6BAD
1750,EZ8GGK
1751,M9U5KH
1752,HG8QT2
1753,QS5CWX
1754,ZVH2J2
1755,YC388K
1756,EMATYC
1757,PACXK7
1758,RJUWTA
1759,4A995F
176,A2C26W
1760,CNJA43
1761,7HTMR6
1762,29K4DR
1763,53PC8Z
1764,FH3JVC
1765,76SQ96
1766,N3UVTP
1767,DH7ZRC
1768,W4KKJK
1769,727ZJK
177,AKZ9A4
1770,EQ59F5
1771,M9566C
1772,MNSE2W
1773,BCCZ5Y
1774,5AGPBN
1775,6YMSX9
1776,J53W7T
1777,ZNSVTM
1778,R7ZQ2S
1779,KYYQGD
178,WTMGGA
1780,F95RR9
1781,96D2V3
1782,272FU7
1783,YAKSRP
1784,HYX8RP
1785,3CC65V
1786,4MGDJQ
1787,QVX5QY
1788,XB8GZJ
1789,BVAT3N
179,Z4UPJZ
1790,YMREYG
1791,RHWE3M
1792,WCZHH2
1793,7UM9U2
1794,WUQTZB
1795,343UXC
1796,93D6GQ
1797,BCT34U
1798,EGXCF9
1799,U89ZC7
18,BXFT82
180,U5SAXW
1800,H3M9H9
1801,FB2PU3
1802,JFYJSF
1803,SMX6RG
1804,EH4KW5
1805,2KKSWC
1806,ZQ358H
1807,9Y86PH
1808,RQCY4M
1809,8XFGRT
181,FUDA39
1810,Y5GZVX
1811,2Y4VZ5
1812,4S6RZU
1813,8UWDJD
1814,7G56KR
1815,JG8E9X
1816,WWM382
1817,7AS5T5
1818,S7BAC3
1819,6G9M2T
182,TAFADF
1820,VABCW5
1821,T2ZDR8
1822,DF627U
1823,PQ6M85
1824,KE2M2Z
1825,VZ9MAT
1826,PPWCH3
1827,Q6H39A
1828,2X38E4
1829,QW7JH2
183,C37ASS
1830,TW9CVB
1831,BYVTJU
1832,Z636KQ
1833,ZXV2M2
1834,U6TWXK
1835,WAFUZY
1836,9R6GHG
1837,TC9G3V
1838,RY82X3
1839,Y4BC94
184,2MQDAY
1840,JJJ3Y5
1841,BP24XJ
1842,2YWFHT
1843,5UAH32
1844,CR4HG8
1845,SXKEDS
1846,5HHEK2
1847,KVU37R
1848,QH7EJ3
1849,JAYAGT
185,V5BFA4
1850,3U4KZH
1851,2TXXQV
1852,ESCQRU
1853,ETSN2W
1854,F8XQY8
1855,CSH6SY
1856,5CNNGM
1857,UGCRC8
1858,HE52CJ
1859,XXYW9H
186,7XNV69
1860,T3HQ44
1861,ENXPMU
1862,6DYGQX
1863,47WQ62
1864,SHQ68D
1865,F42B9C
1866,ZWXGYP
1867,CDPD7B
1868,U2TEUX
1869,W337YM
187,3WQGT8
1870,PEQ94M
1871,GRNACD
1872,F3DM6A
1873,9JYUNA
1874,GX46KW
1875,8A2YW3
1876,EJW56R
1877,HTMUVB
1878,NCJD34
1879,4QB4M9
188,VDEKUT
1880,PYVR8V
1881,YFZDNW
1882,BU7JJ3
1883,U4CRYU
1884,CE569Y
1885,9J8ZGS
1886,9GREHT
1887,GEHP65
1888,W5SX5D
1889,MHF53X
189,7HR3FN
1890,RTB9RK
1891,AG2SDD
1892,GEECKR
1893,4EEHTU
1894,FYDDSB
1895,B3PSW3
1896,WGSAPW
1897,TBCKTW
1898,XWVRXS
1899,PSWSM3
19,9UFJBP
190,4JW5B3
1900,X6327R
1901,U5WV24
1902,SSHYUQ
1903,RTRA52
1904,97XB7F
1905,TGHGE7
1906,MFYDFH
1907,F23CZY
1908,ZCCV36
1909,U383NU
191,VTG3UT
1910,39JEKB
1911,U7HRJM
1912,2MUCCQ
1913,K8HJ2A
1914,ZKN8US
1915,PCUWX4
1916,SYM2MP
1917,TAMPB5
1918,7XJARP
1919,3986C2
192,74ZZHJ
1920,2VW6Z7
1921,ERUQ3Q
1922,SUC99J
1923,ZFBUPH
1924,B8VECA
1925,Q66KZV
1926,WH9S9Q
1927,PGZ2QR
1928,X979WZ
1929,NT2J5C
193,8MVTAY
1930,HEMZVY
1931,GQM5T2
1932,V5EPYD
1933,CJ96DJ
1934,ZHCPY5
1935,MYMQUZ
1936,JJJ28J
1937,BXD436
1938,JCWESC
1939,P5JRF7
194,CR4HBK
1940,7KPHG9
1941,BWGVN5
1942,66FJUW
1943,F44P8H
1944,HT3S2N
1945,VTK3FE
1946,BKDAT9
1947,BD9FG4
1948,C6AUKT
1949,8RYDNB
195,DMJGTZ
1950,AM97QM
1951,T4RCYA
1952,BUE7KR
1953,RV9JRA
1954,BZ3NZ7
1955,G6WJ2G
1956,78Z4CY
1957,CKUV6V
1958,Y7PRDR
1959,ZNSH9Q
196,7RRC9F
1960,9TXV29
1961,F3CV2Y
1962,PDQJRB
1963,Y9Q3V7
1964,DJG23W
1965,H67J2H
1966,3T6MYX
1967,NX4DSK
1968,EKMHCC
1969,3T88CZ
197,6G8TNN
1970,TSNTH8
1971,8Z3Z2Z
1972,M6AEE3
1973,7QSAUX
1974,A67EU2
1975,KEUQ3E
1976,6GECT2
1977,YU96JH
1978,Q2PHGJ
1979,ABP3SB
198,ANXHBK
1980,4P4E8X
1981,ECK7RS
1982,H5K25H
1983,ZSTP96
1984,WTX42H
1985,ZD8S7R
1986,GFSDG6
1987,WDK6NP
1988,B64YGM
1989,Y6TT9M
199,YNDW2N
1990,6PSXYK
1991,9DS54J
1992,U2NCCW
1993,J8WAJH
1994,TAUZSD
1995,DF54GN
1996,YSJM3W
1997,TBY3SC
1998,MZ7Z5R
1999,UCHDSJ
2,5RG8J5
20,7UNZY4
200,VY9VHK
2000,9R8AVW
2001,JG2VAS
2002,YUDCVV
2003,42DXKF
2004,TBAZEQ
2005,K53D3W
2006,5G8YC4
2007,34MZF2
2008,4Y8Q74
2009,4PNC7T
201,DYGV8Q
2010,ATTATN
2011,Q8W7M8
2012,6B2S2G
2013,9YBUNN
2014,VZ8YZW
2015,SRRH46
2016,8DY7JP
2017,PXP57Y
2018,QFYCSE
2019,DUU8SU
202,5U635D
2020,JAU34S
2021,AXK4FF
2022,V7ABFQ
2023,B4Y6VR
2024,UUXRE7
2025,EUZUBZ
2026,BTXYZX
2027,FY7ZPS
2028,KVVWFT
2029,4AEY7X
203,QNK5RX
2030,X36HTD
2031,MQ64NQ
2032,SWCNNR
2033,654THR
2034,VGKG9S
2035,EJUFAE
2036,56Q5KN
2037,7KZMJY
2038,C44AFP
2039,NV947T
204,UBQVGE
2040,XB53WV
2041,MNMRSA
2042,Q2UU8J
2043,Z7MWCS
2044,WQECGB
2045,K2DE7K
2046,HMP824
2047,P8Y7VZ
2048,TQACXA
2049,9RCA24
205,YH57GY
2050,B6UDC8
2051,5WHS4B
2052,CA3V86
2053,WQABC6
2054,UQ6CFU
2055,JXFSYY
2056,QK4VPV
2057,MVFVRD
2058,SPAADX
2059,RRZ6HK
206,E8YAT7
2060,CD8DSB
2061,QEJH7K
2062,A6H8UH
2063,SJHR6J
2064,5YP76C
2065,7EH2EF
2066,Y6SVFV
2067,84K8TT
2068,RBJDC3
2069,VHAFYX
207,6FZP59
2070,CVMTTD
2071,NPBJK6
2072,R99CMX
2073,EC6UUD
2074,G5WHB2
2075,EP8C55
2076,GZWBU4
2077,23DDA3
2078,FGSCF3
2079,3KNYGZ
208,7FYV8T
2080,UEJTEV
2081,WC6A5V
2082,RPJSK2
2083,8S3S2P
2084,FTSGSV
2085,SCHG9J
2086,GPDFZT
2087,HJKSVN
2088,TGQDVV
2089,8WVAB4
209,4HQW6F
2090,KYQVA7
2091,CA2HVB
2092,WBFPKD
2093,MJX34S
2094,B2BMMQ
2095,T8B2H4
2096,K9RJPC
2097,7TN6EP
2098,YMW5YC
2099,QZHC2K
21,P5X8C9
210,EDMW8K
2100,6AT8F8
2101,5DVQVK
2102,U8NA5M
2103,Z3TBYV
2104,6UXPQ3
2105,E4925J
2106,FKFNH3
2107,G82ZXZ
2108,GK85V7
2109,HZD9WF
211,VEYDSW
2110,TZ8N2Y
2111,HHFPYX
2112,J9EYD7
2113,V22R8V
2114,HD43EM
2115,3NP9NS
2116,YEA3M3
2117,5X4B3Z
2118,A6UEFK
2119,6QV4EC
212,G2XETK
2120,9E73J3
2121,5XS2P3
2122,M4CS4B
2123,SGGVCP
2124,9G3QWT
2125,HKCU6Q
2126,CET47D
2127,KGZQBH
2128,XCCGUG
2129,WYDARA
213,EDG89W
2130,YGHSAR
2131,ATYJEQ
2132,Z5SGNV
2133,UR7743
2134,MWV2YM
2135,A2YNWW
2136,4W2KKF
2137,TH7R4T
2138,GH8SAE
2139,545EKE
214,A7Y4UA
2140,C3DMYR
2141,R3HBT9
2142,44Q7V4
2143,E6AY87
2144,GSYD54
2145,8HXFU9
2146,S4BTJA
2147,A6Z6PM
2148,3GZA4D
2149,AYDR6F
215,EMR8YY
2150,TD7ZP3
2151,RY57YH
2152,3KCDWX
2153,CYQ5SU
2154,PBJHUM
2155,GWCDAC
2156,WX7Q8Q
2157,YD9E3C
2158,9VEXMU
2159,Z4ZWEQ
216,U9HZZP
2160,TS5EKS
2161,B67DQF
2162,BEHSXB
2163,42VKUK
2164,9KJFSM
2165,CJT7YY
2166,ZD5E9X
2167,V89SKH
2168,2NF3AU
2169,4KTTG2
217,4HC4JG
2170,HB8K87
2171,6MX9NN
2172,SWC2VC
2173,PCPCYG
2174,G8X2SH
2175,RDFDP7
2176,YUC4UR
2177,ZUURTC
2178,WU8TT3
2179,CRUMMX
218,PTKPJH
2180,8KHXR7
2181,YZ9ZDJ
2182,RKPMM6
2183,BX63E5
2184,YXH4VS
2185,T7NFAX
2186,9C4BSH
2187,MXCKGR
2188,ZEKP69
2189,WE2VZY
219,49Y578
2190,CGPER8
2191,2EC24C
2192,ADTY35
2193,5PGPG9
2194,C6WXGP
2195,UX4NSZ
2196,RHRQQH
2197,S4JQGJ
2198,HN7DPD
2199,XJES6N
22,REXUH6
220,ZZ2RJ8
2200,JXFGSA
2201,27KNS7
2202,5KFDDH
2203,6QBKJX
2204,D89UYJ
2205,AN452J
2206,4ZCGN7
2207,VUQMHJ
2208,D4W4EB
2209,ZYFRRC
221,CXSDE4
2210,TX8J2V
2211,KTJ3KJ
2212,6QPSKX
2213,9VQJ3M
2214,8J4A3J
2215,4ZAFCG
2216,V2MGKQ
2217,PFJ47F
2218,FN2SHB
2219,K3G84C
222,WRJKW4
2220,AKE2W3
2221,QMN9TS
2222,FX2YY7
2223,53M5CD
2224,UKR6UM
2225,HSZSTU
2226,RYZJRA
2227,DQ2EXJ
2228,938YHM
2229,AYJYYD
223,GYKV6V
2230,GMNE8M
2231,XWPNYS
2232,S7Z722
2233,RNZKE2
2234,C5N8GQ
2235,5RZMVW
2236,B6S69T
2237,5TSSY4
2238,AQZWBQ
2239,6JVQGY
224,HSFZZ3
2240,3RKAP8
2241,Q79ZMF
2242,YAZ3JD
2243,J47S59
2244,Q7GP2Q
2245,E42W2R
2246,S9BJST
2247,WJGXCJ
2248,X96NRN
2249,YVW642
225,7AZBZC
2250,N99SZW
2251,QCYG7Y
2252,MDCG6K
2253,B74WWA
2254,SJ2P6V
2255,TKFM65
2256,DFWP6V
2257,UXG92M
2258,2VWNMV
2259,V9Y4B6
226,V9QPEC
2260,VTT9YN
2261,38C966
2262,EHZDZM
2263,V28K6A
2264,Y46F2Z
2265,2MB5B6
2266,HFY2C7
2267,P59S2B
2268,RJESX4
2269,WUQ7GS
227,SD43W7
2270,ZTRKPX
2271,UPEVUG
2272,VWK2KX
2273,DWZ4WW
2274,TCD44K
2275,WZBFHM
2276,MVRVZR
2277,DVADN5
2278,YJZCBT
2279,4CDQ5Y
228,M9FSXD
2280,E9GKE2
2281,Z3Q2WD
2282,EKYG8Y
2283,7492TF
2284,47BCMM
2285,ZC6QT3
2286,ZZ2C2Q
2287,NSFMZN
2288,7QFQR9
2289,FFNQWY
229,8YCE3T
2290,SK6PSN
2291,Q6473M
2292,CFNCTK
2293,86VMY8
2294,FN5629
2295,BC2C2R
2296,5H344T
2297,85Q7FB
2298,U783AP
2299,TW6B72
23,H2YXF2
230,8BGTTJ
2300,S8RWDZ
2301,M7VNX2
2302,B7X8S8
2303,NN2XY9
2304,NZWWH3
2305,X8CW22
2306,TWQR8S
2307,U24BV4
2308,38SX9R
2309,V9URR3
231,WX3TRD
2310,UVWP2V
2311,7QKBCE
2312,SVF84N
2313,HW5CCK
2314,R4CTVZ
2315,34NXUC
2316,3Q6NJ8
2317,PFGKNF
2318,UD6QJX
2319,5H9RHM
232,UF34MD
2320,8PN4SW
2321,6XF462
2322,A5ZQ5M
2323,A52WEQ
2324,QED2D9
2325,A93H8M
2326,P98867
2327,AV4URJ
2328,EWHMW7
2329,JRMGGQ
233,XKWYU9
2330,6X27J9
2331,VEMRSQ
2332,WKPZ7U
2333,JYWV6F
2334,PTJJ7X
2335,GGQRAP
2336,4WJXTY
2337,YQX9XP
2338,9JRPMN
2339,W8MGSH
234,MFC8TE
2340,356Q9E
2341,GWJARV
2342,U7CS6D
2343,2CC7JV
2344,HNESAH
2345,66ZW7Z
2346,KYDAST
2347,ZS4BGY
2348,5PAUEQ
2349,BVXX4P
235,DXPAER
2350,SFSE3H
2351,3QBKEX
2352,JGXEAC
2353,DFGCUB
2354,6CEHUX
2355,9RVSC2
2356,DV66P8
2357,QKFKKG
2358,XJ8J4K
2359,YWPRVN
236,6UPYTU
2360,9H7GUB
2361,CEDSC5
2362,ND2GXZ
2363,AH6DK9
2364,HRTFK7
2365,E26CJH
2366,S7M868
2367,KXBNWX
2368,BPPQMF
2369,V7U7MS
237,UVED5S
2370,J6NWC3
2371,6HH9VD
2372,TNEUT3
2373,3B8THF
2374,DW568S
2375,VSHSRG
2376,769MX2
2377,HCA5UN
2378,B4CWZF
2379,CHU5JU
238,VKJU36
2380,26FE3F
2381,JUVK65
2382,BYBZRT
2383,CGZSR6
2384,R47BZ7
2385,AW52BW
2386,6PVKEV
2387,Q3334D
2388,ZDBBDQ
2389,34JTMH
239,X9PU5P
2390,PA7U56
2391,7PSKH8
2392,28R56D
2393,RZN332
2394,XJ5TGM
2395,CPEWAH
2396,4TY9Q8
2397,KT66YE
2398,N89GT4
2399,J8HB4E
24,HFVFEH
240,66HHCW
2400,RSVQM4
2401,CRFW4F
2402,2BFPZP
2403,37HSND
2404,WZ46AH
2405,5R6JVM
2406,2Y22MD
2407,K8M3Z3
2408,4WNHGY
2409,GATCDQ
241,46HJV4
2410,QZK2EJ
2411,FZV6MK
2412,K5777P
2413,W6CURX
2414,VB3C6Z
2415,ST5BP3
2416,H3S46R
2417,YMHGGW
2418,4Z8VJH
2419,3ZXCHC
242,GWNCZ3
2420,Q2ZU8W
2421,V4VYTU
2422,WV9SGH
2423,WFTNCA
2424,KBW977
2425,7JY4HT
2426,GYVZNY
2427,CQPQUB
2428,QH59C7
2429,K45P3V
243,W8EZF9
2430,GRS7ZR
2431,47VEJF
2432,HHWGTR
2433,YQGSBN
2434,2K6PD2
2435,QQFRHD
2436,QHP4NU
2437,UYU3RA
2438,PBQHF8
2439,DAMCU8
244,NU4ATZ
2440,F8ZS6Q
2441,RUJB3U
2442,QWBKSW
2443,N8B4RZ
2444,XSPE7U
2445,NTBGZ3
2446,6UA6NC
2447,GEZ3E6
2448,FSNBTE
2449,EUJWCR
245,B3Y8U8
2450,SYXVCG
2451,HB76FE
2452,HFBZBD
2453,U292DN
2454,2JSX6N
2455,RRPD7E
2456,HDCFNE
2457,FX97P6
2458,R455VX
2459,W4XPU5
246,JXEUXJ
2460,9ZZPUY
2461,TTDJKN
2462,BT3D5A
2463,MBJSC2
2464,J9YSJ8
2465,AZQ86R
2466,5529MM
2467,UCK7KB
2468,ZBVW92
2469,UDDNSP
247,TKPPM8
2470,Z64BMG
2471,GD9JFY
2472,3FGZ99
2473,WJ43YH
2474,XKXFSR
2475,MJERQ9
2476,49KWTG
2477,VBPZT7
2478,VNZZV3
2479,2MA3WD
248,XGGKMA
2480,MUT9GH
2481,TRF3JJ
2482,Y2UYX2
2483,77V7EG
2484,BZBZNH
2485,6WGR6E
2486,M3DDS9
2487,CFMF34
2488,AYPAFW
2489,QV4JPF
249,V86C63
2490,JW8R9Y
2491,MPWPWC
2492,KHJT7F
2493,K65JDJ
2494,ZSDCVX
2495,JB58AR
2496,GE4KPA
2497,DDXNND
2498,B3JZSJ
2499,GUCDCN
25,XU2JME
250,748KCE
2500,U69YUZ
2501,E2ETTP
2502,BCJB63
2503,FAKHGX
2504,M8XV4U
2505,636EZP
2506,CR9K3V
2507,YCKJYE
2508,AH23RE
2509,ZBKDF8
251,PFUZFB
2510,42239V
2511,RN9XF8
2512,AQNM3E
2513,6C7WF3
2514,353UM2
2515,F7A4BS
2516,A2N57C
2517,J4GSK7
2518,EHBM79
2519,39T8Q7
252,6EM2TR
2520,MSV9E6
2521,38MWRE
2522,XQAVJF
2523,GN6XWU
2524,TSXJAB
2525,5GWEYW
2526,JMUJ6D
2527,ZHMEG3
2528,JQX6EJ
2529,T6M3S5
253,8CX4EG
2530,DR6BWV
2531,9W9DJ7
2532,JBQWVJ
2533,PUZRK5
2534,F3QKVX
2535,UZJPF7
2536,D52EHA
2537,DW2J7G
2538,62RW4B
2539,EB5TMX
254,PHD4DT
2540,FRB2BP
2541,SCXAP9
2542,MCWJBT
2543,CUARX4
2544,BPN36Y
2545,ATEZSU
2546,2RREAX
2547,8SXNXU
2548,E5SXHC
2549,6WGVRM
255,M6GCP4
2550,NBNSSK
2551,Y3FH5H
2552,EX6VAC
2553,USY2XK
2554,3ZY4ZY
2555,X47CJ3
2556,3C92P8
2557,R2ZQCR
2558,N2EQG5
2559,UX4WHF
256,5394FP
2560,NYD2WH
2561,7BFVX8
2562,DVVRR3
2563,Z2Z3P4
2564,KWVW4R
2565,EJKTX2
2566,NAVE93
2567,KYG56R
2568,SFZ8XQ
2569,2MAQ3U
257,7FZ52Q
2570,YRH98D
2571,8A6NDQ
2572,WBVRP9
2573,EMR8BH
2574,Q9KW5K
2575,9TPZMB
2576,VNHYN6
2577,E97DS7
2578,G9333M
2579,JSTXUV
258,6VM9UY
2580,MME7P9
2581,S52YWE
2582,ATBK6C
2583,UKTZD5
2584,238B7M
2585,V4TG2J
2586,X88KGW
2587,V869RM
2588,M74U6Y
2589,F2QA6W
259,DTRD2D
2590,CHPZK2
2591,FCW7HM
2592,4WDX34
2593,2FXNRT
2594,PMSDSU
2595,F9BJAZ
2596,DFNYHS
2597,SSHX6F
2598,BTTNBF
2599,FVX7FA
26,UXDMQR
260,2ZXQ8A
2600,EW7SY2
2601,69DHD7
2602,MVQ2BP
2603,U4JUT6
2604,5UZ3QZ
2605,44EBEY
2606,A9ZTYP
2607,BD8CN6
2608,PTK7FH
2609,C2A6HE
261,96B8YB
2610,TNS5CY
2611,Z2R92R
2612,5R55RQ
2613,S8MMKE
2614,P97XPQ
2615,GD3VD6
2616,S8Q5VU
2617,J57TCJ
2618,8D8KBB
2619,CSFZEZ
262,8PPVZ6
2620,9G457J
2621,5TAGEC
2622,QCZYC8
2623,EA7JAJ
2624,HFCBCK
2625,XPXZEM
2626,M6ZAYQ
2627,VYPEE4
2628,JPKGQU
2629,VHKGT7
263,Y3S549
2630,E49E2M
2631,W4KX79
2632,NPCHTE
2633,TANC9Z
2634,JN7RPT
2635,V5WFJY
2636,SVHG39
2637,NFTZ76
2638,XQH8V5
2639,C4PQXF
264,FE9CEC
2640,F4UWZ2
2641,6CRCC2
2642,TM6P9C
2643,3GWHBV
2644,CAEUMY
2645,QMH66Y
2646,SHNKAE
2647,8JRPR4
2648,HHN9GF
2649,Y9SBU9
265,53PGH2
2650,ZW5KBB
2651,8P7TE3
2652,RA2TC6
2653,EFWZU4
2654,UHT96N
2655,3X4VWP
2656,673Q3U
2657,DU3UHY
2658,TZWZHJ
2659,R33BHJ
266,G28X4V
2660,RZVEQP
2661,9J44QV
2662,Q5DXG2
2663,9GBVKR
2664,SMZAYT
2665,2BXRRZ
2666,C5RQM9
2667,CT8Q3E
2668,RGWS4P
2669,SAXZ7F
267,4DUQU5
2670,G85NQK
2671,V4XNBK
2672,FBSY66
2673,2PH23N
2674,VPAZCX
2675,XMTB95
2676,9Q8NWE
2677,WABURN
2678,2SDAZV
2679,FY7YM5
268,P57VJN
2680,H5NHBM
2681,2XFQEQ
2682,N7AUZC
2683,PSU5UB
2684,9WTSWV
2685,YMQECV
2686,MXPMV6
2687,B7M3KV
2688,FEXBJD
2689,C5TPDQ
269,VBPUCZ
2690,FVXEDU
2691,VPMRKN
2692,ABYPBX
2693,8ZS5D7
2694,2YZSCB
2695,MMKMRN
2696,5274UG
2697,ANPRWA
2698,7DJYSW
2699,PWVRM6
27,E9WU8U
270,ZHBDEW
2700,M2JJ3A
2701,4JZECZ
2702,DYKR27
2703,QT97DY
2704,RFVKGK
2705,6Q7UDR
2706,2ECXGM
2707,FS5WWC
2708,4J8TEC
2709,CDVXF5
271,ZCK673
2710,CQWD6X
2711,6GQVR5
2712,9M9J8E
2713,6M74WW
2714,7M42YW
2715,G2G53G
2716,J7QYNX
2717,Q7HF26
2718,QK6ZQ7
2719,YFCK59
272,H46VKH
2720,ARFXR4
2721,77K82V
2722,66EX53
2723,UHRV9V
2724,PESU4F
2725,BSWF7G
2726,33NKY4
2727,FC75QH
2728,99C3KB
2729,5TG25M
273,VSSD49
2730,CG22HY
2731,VKHDB3
2732,886UFM
2733,MZU7V7
2734,PMNU66
2735,RJQHZV
2736,MAN5HG
2737,EFEKUK
2738,UH87RM
2739,BKUUWA
274,XMY3WU
2740,PY9FWJ
2741,R553NR
2742,NQWC6T
2743,ME3KU4
2744,VCXA2E
2745,NXN4RR
2746,WTC8HX
2747,WVM7BX
2748,TA2MMG
2749,P5NAUH
275,AY7JPS
2750,A4CVMN
2751,TFANTJ
2752,AG7RVY
2753,W6RUYS
2754,ARW9CZ
2755,P9TFGB
2756,K8F22V
2757,WP5K9Q
2758,TVVUER
2759,Z3VDC4
276,6HEP77
2760,WA6D7X
2761,XZ9FDU
2762,YR7A75
2763,WY4TZC
2764,N9KV6H
2765,Q8EW7C
2766,4PHNXT
2767,UZ5XTM
2768,KYYPHS
2769,9Y7TDM
277,EYGZ4U
2770,95ANND
2771,9BTMG9
2772,2XVJRD
2773,X8S28B
2774,9K9VNU
2775,3CCS4F
2776,R2U776
2777,V2Z2R2
2778,T24YJJ
2779,7EPX2P
278,YCNZCX
2780,2QWT4T
2781,XF9KN5
2782,E5DN8T
2783,FW5Y6V
2784,MUVBFE
2785,S6BREE
2786,23D33T
2787,H9XJ76
2788,UCUH75
2789,HBECSR
279,PQREFS
2790,NVC56Q
2791,23TXWF
2792,3NBQF6
2793,QFP388
2794,NSSH8R
2795,5DHW3W
2796,JZWMN2
2797,MDCB79
2798,YQMA2Q
2799,ANHGUH
28,CHUPC7
280,KZMBT9
2800,QEH3VR
2801,BEDWTK
2802,PE6TPE
2803,PMHNCK
2804,4EQNTN
2805,73CBM8
2806,ZV3P2F
2807,CYRB8C
2808,SX733R
2809,9K55KJ
281,RRJZ5A
2810,UEK8VZ
2811,9J7ZF3
2812,DF6ZYQ
2813,9MZ85U
2814,U8AMKJ
2815,JSS5EP
2816,TT9ZW6
2817,SRAU5B
2818,XATTAJ
2819,HA33QZ
282,SGBWYW
2820,ACVFCC
2821,V6C9GZ
2822,GCE3PH
2823,3BJ428
2824,3AQWSN
2825,EUE2JB
2826,3GQKSA
2827,XNC9QS
2828,UBWKU7
2829,FH44VB
283,6HG2RT
2830,DPEMMT
2831,YX4NQ3
2832,Y38B5V
2833,XSFD8S
2834,MMSX6G
2835,YW5U9D
2836,UPR7KR
2837,2ZNN6E
2838,DC2KAD
2839,J9BKYY
284,BSYDCR
2840,2QQWPT
2841,52M565
2842,795TJK
2843,ER7VG6
2844,MVEKQW
2845,ETFVPV
2846,XVMCX4
2847,BYTNQS
2848,MBW9YN
2849,4K2G95
285,4GMXMP
2850,WW2NTQ
2851,9UK9U8
2852,TWMPBJ
2853,8KJT5V
2854,Z73U6A
2855,J34SAK
2856,GKGJCJ
2857,8ZFH6Y
2858,P37AWB
2859,NQZN6Z
286,UY784X
2860,ZM5M24
2861,XXZ9QV
2862,HWCG97
2863,GKMQXJ
2864,4FXN2V
2865,Y59TH4
2866,86BFWV
2867,94FGMY
2868,FWHT3H
2869,TA9YSY
287,FQXQUK
2870,S9QPTW
2871,87YNR9
2872,B4NGC7
2873,U6MEE9
2874,JSZYH8
2875,6DTAM5
2876,9UEA6N
2877,WR2AW6
2878,CF95TS
2879,WZMTVY
288,7X4BPZ
2880,DCW5UE
2881,MTZ3YP
2882,7V8WKE
2883,E2P4K9
2884,TK8DQW
2885,H66Q2X
2886,X6TXY9
2887,8ZAYHT
2888,H6XHNA
2889,RSR69Z
289,VRNUR7
2890,GSZ6V2
2891,2TM8NR
2892,FYUCXV
2893,UGZ3HS
2894,NGCFSA
2895,F4ECWA
2896,PZC62B
2897,YBNRP2
2898,6QRBFV
2899,45T6SR
29,6E47P2
290,MEEDM6
2900,TJDV2T
2901,Y45GW5
2902,8W4S95
2903,NXVQ6D
2904,Q4U2JV
2905,HY7KSF
2906,ZM6WHM
2907,S3V4RU
2908,K78MB5
2909,72ESQV
291,VUH8WS
2910,QQ72EN
2911,ZWCUXJ
2912,MSPSZU
2913,97BB5G
2914,G48QE9
2915,5CME22
2916,CX72EQ
2917,TQYK2U
2918,HTQDGF
2919,UD99HG
292,4TQ6X4
2920,JBM93S
2921,RXQPHB
2922,CPEY7F
2923,NTS8KH
2924,SE6Z69
2925,4KRYP3
2926,UW29M5
2927,GNKBUW
2928,FPRC6C
2929,GEA4PJ
293,35X4BV
2930,7EMXET
2931,DNSRKV
2932,Y8HS68
2933,4E2MH3
2934,MR6MUK
2935,T7RXJE
2936,M9X9NP
2937,C6ZYS6
2938,ZQUM4H
2939,C76VM3
294,S8X93A
2940,6M6VCP
2941,2T3BHR
2942,X8DBCD
2943,CWHVTC
2944,CCHQAD
2945,DZBVXZ
2946,RMZWY6
2947,DM2HUB
2948,MUEPTM
2949,2SR9UQ
295,7TPQ39
2950,2QYV4P
2951,XBKA2Y
2952,3PX5TZ
2953,8GXMTJ
2954,8JJ9CM
2955,VYPY3J
2956,BQAU8F
2957,ZY7DS9
2958,HYSJWA
2959,JCHJ42
296,Y4WYZW
2960,E2DDM3
2961,FNDUXA
2962,ZY7T47
2963,F3YZ44
2964,F5ENAQ
2965,83W3QG
2966,2A77J7
2967,EY7342
2968,US46TS
2969,QKJKC4
297,9VT7FY
2970,PHNKKN
2971,KQZ5R2
2972,DYQ6Z7
2973,Q82FNJ
2974,MXGVFZ
2975,MMT3U9
2976,5SBJR8
2977,AJDKBJ
2978,PS8WUC
2979,FG5ZBB
298,MZCF92
2980,RCGPYF
2981,7ZYGQC
2982,KEQVKB
2983,RTPSEY
2984,A92XZV
2985,V6E56Z
2986,QM3DUW
2987,JJF9JV
2988,PFWPTF
2989,6XQ6AX
299,3CBG5Y
2990,D5CZHR
2991,B9J2PF
2992,ZKSTBA
2993,RGDE3C
2994,3HVRME
2995,SZUBFM
2996,X7Q4KC
2997,GBP4WF
2998,8SFE6Z
2999,V9D9VB
3,M6KHYX
30,XYXCAK
300,4JC75G
3000,X3BNR2
3001,BMT3R7
3002,Q5ZENP
3003,SX23AV
3004,JWBNGG
3005,CJ78U3
3006,ACE3TP
3007,ZX24D8
3008,DNG3HG
3009,P83V9T
301,4WR2TE
3010,BKG34V
3011,5TAB6Z
3012,7PD2RV
3013,KE7K6U
3014,A67DMM
3015,EQ7Q7C
3016,6MTHXX
3017,2X65HS
3018,6JQCB8
3019,VV59E8
302,J9VJR4
3020,NHRUM5
3021,XU62ZV
3022,SHAHVS
3023,T7SU9G
3024,TJHJ53
3025,YJFHC4
3026,5F7J66
3027,HZ98MF
3028,82V4HA
3029,KGVZWE
303,H6SWHQ
3030,87D4QH
3031,DPH2A8
3032,QDGTC8
3033,8CGPQ6
3034,Y4V8RP
3035,DXPFDH
3036,F7VWXM
3037,WGZZAK
3038,FMBXME
3039,CHKC97
304,ZXRJ4T
3040,XQTR3K
3041,MGV5DB
3042,QD82VE
3043,3AEDF2
3044,SW5FBT
3045,XZAMED
3046,YT287Z
3047,XJGB3D
3048,UXRBH9
3049,S85RKJ
305,RFDFNU
3050,MTAF6W
3051,HP33E9
3052,6DE76Y
3053,X24XVX
3054,2KVYSH
3055,GFUUZJ
3056,ZKWNDD
3057,8KMCQR
3058,5HVXRZ
3059,4Y8RHE
306,X43FVK
3060,5YJY8U
3061,MZTMDR
3062,7BQZ5P
3063,B7TRAG
3064,FGP55J
3065,S6BVT4
3066,FP6KH6
3067,7QUCKE
3068,4RRC8C
3069,2AQJ95
307,MD3N5R
3070,XCUKBB
3071,MTPV2T
3072,U74XEU
3073,ESAADH
3074,QXN5R5
3075,76Q7SQ
3076,Q69NU9
3077,U3HEY4
3078,DAJ25M
3079,DH4R9U
308,8RK8XQ
3080,YNDY2Y
3081,MMCVMR
3082,ND4UGX
3083,Y9D6PP
3084,WBJH7V
3085,V5U2Q6
3086,EE5R65
3087,BE86M7
3088,PA7Y8N
3089,BPMYVC
309,K2GNSC
3090,SDHF5D
3091,BUHJJ2
3092,DVJFGC
3093,R2EPA4
3094,W8WBED
3095,F2VVHK
3096,5MPCHA
3097,JRNDVY
3098,R2SVCV
3099,SCNC45
31,8GKPGP
310,YXWDRQ
3100,Y7XNUW
3101,H2C9WB
3102,Y5J25J
3103,TGMBSZ
3104,Y57ZSF
3105,8ZXKYR
3106,9NDU95
3107,YRJQW2
3108,NC8B2C
3109,DCRXXF
311,QFJYPU
3110,43AKPF
3111,AYX6PF
3112,DT8T9E
3113,MFZEX2
3114,5X6CV5
3115,M6X8AR
3116,TQ858W
3117,3GEZ7F
3118,NXFVGQ
3119,3PU7YH
312,XJAJQV
3120,X5Q8PT
3121,VRPUCH
3122,YHY7U8
3123,GGCZTU
3124,XDYAK8
3125,ZJ4KQQ
3126,S24RVN
3127,XRSFVU
3128,QXH4TV
3129,K9QXP6
313,M46966
3130,8FTUC8
3131,KTGV4E
3132,VP8HN7
3133,CJ3HRA
3134,PJG929
3135,2KU27S
3136,8WM3Q5
3137,JX725P
3138,VEGZQZ
3139,8AARPN
314,8ET7PS
3140,NC9AKU
3141,HWXQKQ
3142,8YE5R4
3143,G5BEMP
3144,C8HNEG
3145,67CD9Q
3146,UBC3DW
3147,K7WW3Z
3148,VF4BFB
3149,FHJJPU
315,U3KGA3
3150,TSTUG5
3151,SHZHHJ
3152,VEFT4B
3153,2KNQD3
3154,JAN5VG
3155,QY77NH
3156,YYN6N2
3157,QFE93Z
3158,T2W2CX
3159,WFQDB7
316,EQZKMF
3160,TEFN92
3161,V54NJD
3162,KYXSVJ
3163,RCFMKP
3164,MHZK2A
3165,JC4AP5
3166,EZ833W
3167,895W2Q
3168,GT4H4W
3169,RBWZAW
317,2K8KNR
3170,5XTUDM
3171,XX5WHQ
3172,JWYBF3
3173,KJ3ECP
3174,HYSFAJ
3175,4FR67N
3176,E9NVRW
3177,JZP698
3178,JUU7YE
3179,HB2UF6
318,WC9RC2
3180,QRD5MN
3181,3DM7B9
3182,X55APE
3183,8KM6XG
3184,MF5YUJ
3185,DT7XC2
3186,ZCDKZ3
3187,UWE294
3188,8GT5JD
3189,V2DBVN
319,VJXA6D
3190,DD67V7
3191,SCR5CB
3192,D5UN8V
3193,PKR5U3
3194,8JFC8Y
3195,QUVQK9
3196,PGNVCR
3197,K69SY7
3198,Q8JGZV
3199,S6P5UK
32,ECF2JX
320,FVP3XT
3200,WT87SQ
3201,FPSSR6
3202,EYGXVM
3203,RJSSKQ
3204,5HBFYT
3205,C29Y86
3206,WEJ92C
3207,W9SXH6
3208,CQUAYX
3209,JS82ND
321,8JVW6T
3210,5NHATF
3211,AD56QX
3212,J5FYNH
3213,4JSBH2
3214,XWACRQ
3215,WY7ZG7
3216,UHWUFK
3217,SX9VSN
3218,ZGEH3V
3219,3JVF5D
322,962236
3220,66SYEE
3221,B6QVMU
3222,XUEUSX
3223,Y2AGJM
3224,YD8AKC
3225,FS3AJT
3226,TS8KKG
3227,Z29FJR
3228,QF2SXK
3229,QZN5M9
323,X5PMMP
3230,WSRH4D
3231,MGFJXW
3232,CFHS64
3233,ZARV4W
3234,ART9DD
3235,8AH8CG
3236,SG8X37
3237,8UD4Z8
3238,PCY4QM
3239,HJNPDB
324,TPEQPF
3240,WKA3Y6
3241,QE77WX
3242,HT28T3
3243,VKK6MQ
3244,GRC8H3
3245,3U9RTJ
3246,6FFWFE
3247,DMBQ4N
3248,NDA2AS
3249,CJ5Q3N
325,9ZU88C
3250,9H2CD3
3251,6U27U7
3252,BEB6XJ
3253,RA6NMY
3254,36CQGX
3255,TZSNTJ
3256,3SFAVS
3257,SFDW8Q
3258,9XDQUE
3259,6EZDXA
326,UQD7R5
3260,KY6Y7E
3261,5Y72ZF
3262,TPU5S8
3263,TM7B5Y
3264,B9EKBJ
3265,JJ97FJ
3266,W9BV72
3267,639VZB
3268,MU7PR5
3269,4SWEBA
327,FQQY9W
3270,3D43EU
3271,6KEP6T
3272,W62X5X
3273,7AAJ6M
3274,2NK89R
3275,XWCB3Y
3276,H6U769
3277,U7P9BM
3278,XBV3R6
3279,EJZVDK
328,FVYFXE
3280,S5HT5A
3281,UNSA5A
3282,2PNGHU
3283,MTX97R
3284,Y3JU24
3285,ZDZRKP
3286,PMKB9Y
3287,5U7885
3288,Z9ZZVE
3289,22E73R
329,5FPUUE
3290,3M2R8Z
3291,VN4XF7
3292,4K85P4
3293,P3DGD5
3294,NK8H7W
3295,AZECY3
3296,RJ3EZ4
3297,84VWYR
3298,3UD7JC
3299,YHMXTE
33,DSQGHX
330,4DV9W9
3300,4F75Z7
3301,NVR5QU
3302,3YVAS4
3303,RX4MYP
3304,QQ5RHE
3305,KD4PJW
3306,DTKHB7
3307,D2MF79
3308,8PUED3
3309,EYHFQ9
331,QFSYAW
3310,HNGF7S
3311,ZABCPB
3312,N9K7YT
3313,A8PY7M
3314,G4VBXB
3315,DJKAQ4
3316,JCVBFZ
3317,XJNMRS
3318,Z24GD2
3319,C5C48U
332,S6Q94R
3320,YXHAQN
3321,JPEKER
3322,RGXJC7
3323,XM46RN
3324,MKWD65
3325,G5MRWA
3326,N2WWXP
3327,C299M3
3328,HV65PN
3329,MG3BJK
333,FMF6G6
3330,6HKYKG
3331,KKYHHR
3332,XP4JJS
3333,VAEFHE
3334,35S9MP
3335,H243TG
3336,WTKQDT
3337,8P67AR
3338,A7J4SM
3339,28H5EC
334,59VEZ2
3340,W3G2FQ
3341,RRWVYX
3342,HEEQ5F
3343,GMRYCZ
3344,77Y4RP
3345,3S8MUN
3346,8FGBH9
3347,33RVX8
3348,32F3NV
3349,629YFP
335,6U2A3M
3350,MENXRW
3351,EVJCZD
3352,CKRYPK
3353,R3P239
3354,ZX6X64
3355,W7KWSA
3356,Z8TVP9
3357,66PE3A
3358,6RA8UX
3359,688YZ8
336,HSWHB7
3360,WHMCED
3361,RRAD8E
3362,UGJZF9
3363,WRFENP
3364,5ABEBW
3365,NFFDMM
3366,4EX4W3
3367,FMCJFY
3368,57QU7R
3369,ZPYQPY
337,QUQYWN
3370,MT9MQG
3371,X4W3MC
3372,QR4J66
3373,RG5MTP
3374,M223ZS
3375,VU7F39
3376,BVNUXN
3377,FVA2C2
3378,7W2268
3379,JKBRS4
338,2W9QVW
3380,9KNUHX
3381,3P4U7H
3382,4AMK3G
3383,2KR4EP
3384,EQPY8U
3385,44CD7A
3386,4FKKXG
3387,U4NXZN
3388,YKP3UH
3389,9RTZTU
339,VGS4ZD
3390,5AWF5B
3391,YR3A3G
3392,ZBTNDG
3393,E6CEU3
3394,PQ8F9Y
3395,E7F2H9
3396,VHFB5Q
3397,TDAVJY
3398,PSPE69
3399,UPX7VB
34,MN749D
340,9UAW2J
3400,UXQNSD
3401,5VBCN4
3402,KUGCC6
3403,QUMB7Z
3404,UWKVVF
3405,P8UKN3
3406,UCNRRR
3407,325AP6
3408,WJHMSA
3409,6PWQR4
341,S78DU6
3410,VEPPQ6
3411,RCZ8UA
3412,JU4C4A
3413,82539Y
3414,6FVZ7S
3415,U2KCCP
3416,ACJH53
3417,E4NWE2
3418,S4N45P
3419,7KXYXK
342,VRUHUW
3420,V7PDPH
3421,E33MY2
3422,WP7FXN
3423,B3G4VA
3424,QKV8DA
3425,TYEU2Q
3426,527KVX
3427,KJZ6C9
3428,UPY7U7
3429,VRMB7K
343,T99GQ7
3430,Q3P5X4
3431,DYDXRM
3432,S5PQWU
3433,5DVGTM
3434,AQGMVV
3435,9QM4JN
3436,AUU6DU
3437,MCJFH4
3438,ZVPBDA
3439,43V77Q
344,2F83ME
3440,8A2U2M
3441,U87FCZ
3442,KGUKG5
3443,S46X99
3444,TWQURZ
3445,RBZVJU
3446,QEFAFD
3447,WTK9N8
3448,FBP9T7
3449,4E9KWC
345,QPQVAU
3450,D8XAYV
3451,D5NJPA
3452,9N3JEA
3453,WUCB5K
3454,ZHZ6XH
3455,R8YZYA
3456,USUU8D
3457,2PJD5G
3458,2PVXFZ
3459,3D86TG
346,9PHQB2
3460,HN6DQX
3461,ADBJB8
3462,J2P6SR
3463,GFCWCV
3464,UZ83A9
3465,B3KTFR
3466,225WNY
3467,QFR86Y
3468,H4UDZH
3469,9344SS
347,CS9TZS
3470,PPN7CK
3471,5JH82Q
3472,XM69R6
3473,XUTUVR
3474,696K2Z
3475,3WSZKJ
3476,RNEFBV
3477,SW56XX
3478,CE8G37
3479,5HFBVV
348,PXRF3J
3480,4WYHUU
3481,GYSAJE
3482,DNBVBV
3483,JSJVCA
3484,HH87Z2
3485,8N4GQU
3486,6KBN3M
3487,VR42TG
3488,E3T6ZT
3489,T9WWWM
349,B7BK7C
3490,QWZ3U2
3491,PF63J2
3492,ZDD6Y4
3493,T59KDD
3494,ANKHCT
3495,VAAS3B
3496,VC445X
3497,URRYCK
3498,VSGK54
3499,YVC6FC
35,7GN49N
350,Q68SGN
3500,SM3C5A
3501,CFC9XF
3502,B6CBGU
3503,MC9R28
3504,AZ7SWC
3505,K64DZY
3506,JMAJCY
3507,6VK75N
3508,7YZCXR
3509,HPJ8ZZ
351,Y9Z5QG
3510,2R9674
3511,NRHTDT
3512,MBADCZ
3513,W9SEYN
3514,RK9V55
3515,HRR25P
3516,YEMWDK
3517,F2FAAR
3518,SWT7GT
3519,8SFFMF
352,UHHTE6
3520,Y5935S
3521,A5MDSH
3522,8CE3NH
3523,94XD3A
3524,M69WEW
3525,5TVC2D
3526,VEUPZU
3527,JVTYY7
3528,CVS7TS
3529,G9JQ7T
353,R2T65A
3530,V79TFU
3531,K8GCCZ
3532,FXZB6Y
3533,WPNB8S
3534,YNNX3G
3535,97NJAB
3536,FXCBHP
3537,9744CT
3538,9ZDJUW
3539,554QMS
354,SE3SQQ
3540,SMB3TE
3541,A6Q6FK
3542,UFFFYN
3543,7GWSS5
3544,NFS4GA
3545,5858UG
3546,BQE8MH
3547,8FHZ8W
3548,SX35Q5
3549,A32RVS
355,7WTZWP
3550,W6ABYW
3551,33Q2FQ
3552,RYVUKE
3553,795KRD
3554,AZBBC3
3555,GWU9P7
3556,RPR7JW
3557,QCY8NU
3558,8MV6HA
3559,Q6AP6P
356,6AQ7UE
3560,VSW65H
3561,NKSKER
3562,F592UP
3563,3T24N6
3564,XURCVV
3565,6YSH4R
3566,5KSZ65
3567,HJBA4G
3568,SG96Y2
3569,7DSQZU
357,S2ZFMX
3570,NA5T9V
3571,MKV6CC
3572,376M2Y
3573,9T8AJV
3574,44Y8S6
3575,XEKFQY
3576,WEUVEJ
3577,8FVVBA
3578,YAXC88
3579,PXJBBQ
358,U29EX3
3580,M6ZFMK
3581,PKT48R
3582,WZTZKR
3583,E8JQED
3584,7G29T5
3585,MGJR9D
3586,3ADRN5
3587,ANUTDB
3588,69ZP2X
3589,KC84XG
359,QYCVZG
3590,988TMY
3591,GT37C8
3592,N4FS83
3593,FXFSUS
3594,H4HXJA
3595,P2JMV4
3596,NAJW6S
3597,P3HBY3
3598,6WMC3Z
3599,3ADA3C
36,F73EQM
360,MDP5UE
3600,7FRMEU
3601,A7WGWV
3602,89XB3Y
3603,T8QZ3Q
3604,BSK2YA
3605,RNP9JK
3606,2C5KT6
3607,K9WCPJ
3608,UF9UEV
3609,6Q8PPC
361,TKUG8D
3610,872H69
3611,YTMKHE
3612,9BY8ZY
3613,7YJEC6
3614,UVR9HA
3615,KYZVXT
3616,YN8C95
3617,CVE2PA
3618,9H97VC
3619,BVV2XC
362,88G67U
3620,EEMTQV
3621,4YC4V7
3622,4UF8T3
3623,VJ9PQ2
3624,YY4N2K
3625,W3ZG2A
3626,2QU725
3627,78SQ7Y
3628,42QGG8
3629,B6HHEB
363,K3P294
3630,7K9EVD
3631,P3AF3Y
3632,RQTT9H
3633,QN9B2U
3634,YW23VU
3635,H9RFJ2
3636,KNE8K3
3637,8GD55P
3638,U3ES9J
3639,P5EQE8
364,8UCKAD
3640,YGAHTY
3641,NCKYN5
3642,4EQH5R
3643,F3FNB6
3644,AJS4YP
3645,HP6H84
3646,TGEMS4
3647,N5YTDX
3648,T3GS4Z
3649,23AAAU
365,JAB6BW
3650,HY83CW
3651,Y4AFJ4
3652,WU4PTA
3653,9GSKB3
3654,F7PSYF
3655,MCRJ8R
3656,TH44UU
3657,DEXY7X
3658,DQ6ZMM
3659,3VVCEG
366,UB9Q6A
3660,77UTQ6
3661,XH9D7Z
3662,RXHS5K
3663,6TB936
3664,PEGA3U
3665,WG8RK9
3666,Q4XUYT
3667,J8BD2T
3668,VWE5S8
3669,JCJP8M
367,5GRJMD
3670,DCUQWF
3671,94CFTF
3672,RQHPT9
3673,B9HAFP
3674,ZWVK4E
3675,S6EENB
3676,FCVDYP
3677,7APSA9
3678,X4YNEN
3679,EWVKVP
368,HTQHW9
3680,XQHBRS
3681,E4UKMV
3682,UNZUW6
3683,NZ27K7
3684,ZACVFH
3685,YKZZ2H
3686,S23Y5N
3687,5CYFZ9
3688,SRVW63
3689,KZW36X
369,F4WCZG
3690,GZRKEC
3691,P2YKS5
3692,9AD6GZ
3693,EF9EW9
3694,D7P6U7
3695,V55CT3
3696,QJYA72
3697,7FR2R7
3698,QN2BRA
3699,SE376Q
37,C62J5N
370,9BDM7Q
3700,P78HSD
3701,W7CWK7
3702,SZP8DF
3703,ENQX6W
3704,F3G4HT
3705,WNZ39P
3706,4DCG4U
3707,CUUJEX
3708,4HG8BS
3709,JAQWMZ
371,VCF9MH
3710,WJJCRC
3711,6NEYUN
3712,G36Q2H
3713,KJUC2U
3714,85GM3B
3715,PANS65
3716,FEG4VT
3717,TEFJGG
3718,DBBHQV
3719,TDKRCV
372,MS46Q9
3720,P2A67K
3721,3X93VT
3722,5Y3QYJ
3723,696GM9
3724,M84TGN
3725,9KS8QC
3726,6R63KQ
3727,HKXXXS
3728,VZRZ4C
3729,DDJA9K
373,HAKQY5
3730,A5D6ZK
3731,V5SGB8
3732,78G3BE
3733,2W6HH5
3734,D624YC
3735,E7JWU8
3736,45DD29
3737,K5R22X
3738,MK5C58
3739,SRMTHK
374,KJGSSX
3740,823555
3741,W58M7J
3742,HNFNVB
3743,VV2M4E
3744,AHMGRG
3745,JXDWJ4
3746,YU6685
3747,6SFHYR
3748,HBKMAH
3749,W653KC
375,NFRXZU
3750,YHZG3H
3751,K7AT2V
3752,9CWGBU
3753,SXRCPU
3754,MEDVG8
3755,6DJ6NS
3756,DQY276
3757,YXP526
3758,MZ3WKM
3759,HBTJGQ
376,7N69MK
3760,T9B8JG
3761,RPFM94
3762,ZXFGKE
3763,SG28CQ
3764,K739D8
3765,UYGBY9
3766,EQHJVG
3767,G34CGG
3768,US7R8H
3769,U24CCF
377,EE87CU
3770,JVEYB8
3771,S8GYPK
3772,MXSV2B
3773,Q2M2UA
3774,SQ8F6G
3775,T3RCW5
3776,AJTJFF
3777,39VGHP
3778,JXX83M
3779,2DURXY
378,RBB6QK
3780,TEW3WW
3781,UF75EB
3782,Q28NAE
3783,ESC5ZP
3784,FAPUDC
3785,28AF65
3786,Q42TQX
3787,FPDU4B
3788,7ECZ4X
3789,2U9BAC
379,KED2X6
3790,8AP6TY
3791,K2SAC2
3792,SQW5YJ
3793,METS8V
3794,8895CU
3795,AFNNYX
3796,4ETE42
3797,EQWJGA
3798,YHJUVV
3799,AERNXD
38,264WM5
380,2RNP6B
3800,SPKSBG
3801,NR8CJJ
3802,ECVMS7
3803,DE7YTF
3804,VVZP4M
3805,RQ7ZPV
3806,K9Q5BR
3807,2YJKRQ
3808,FYVN97
3809,SG3H32
381,Y3PA3Y
3810,N8GX5F
3811,ERXBYH
3812,NXERXU
3813,A5VKU4
3814,J29QSD
3815,KVT9DR
3816,5CN542
3817,WT9R4M
3818,BAQA3R
3819,V4VBYY
382,7VRHDB
3820,EKEXHR
3821,5BUF3U
3822,R4PJDK
3823,59WKTY
3824,Q5VRDN
3825,G46D6G
3826,JJ8F7E
3827,V6EKBZ
3828,2JUQW9
3829,F7XE76
383,B8MQFY
3830,HJVTAV
3831,EYV3AC
3832,EF3E4T
3833,QQ72FJ
3834,636SQ3
3835,ZU7RX3
3836,BTDWGT
3837,J9EQ2Z
3838,V92GTQ
3839,T3N8N9
384,CB2KYR
3840,8FY5NF
3841,BFW7JA
3842,Q4FG7Q
3843,2EWY6W
3844,SA64Q9
3845,DE9Z8X
3846,Q92JX2
3847,2PHWE7
3848,KR6N2H
3849,XMDN9Y
385,VUNYBW
3850,JZFEKD
3851,BKHEE3
3852,58SWZM
3853,YYBZY8
3854,3EENNU
3855,TZXYU2
3856,GBFX7C
3857,NFBVP8
3858,QNP8H8
3859,KVFHCV
386,XDVKJK
3860,3YMT7J
3861,JJPC3X
3862,67Z3CK
3863,47JJNB
3864,D97WA3
3865,ZM6NYE
3866,T8XT8G
3867,TE7M3R
3868,88A62M
3869,XZ9297
387,RRYFAB
3870,3FQPN8
3871,NUQ7MJ
3872,VSRPQV
3873,Z9NWD8
3874,YU72KQ
3875,37P865
3876,9R59F8
3877,K64U7M
3878,2XX3M8
3879,WYFG66
388,HRCMWG
3880,QDEF6A
3881,6CFXT5
3882,DSXGBC
3883,ACZN4U
3884,PA3WQ6
3885,NY88W6
3886,WBEANW
3887,3Z5SS8
3888,8U3266
3889,DZDGJC
389,97CTC8
3890,H4D2SG
3891,FUZG7M
3892,TNGP55
3893,TZAUC3
3894,PF7X4T
3895,XTCM7V
3896,F2FCH9
3897,GHN4KX
3898,KJPKD8
3899,857CW5
39,TEHUNE
390,YWUVVS
3900,GWTHE5
3901,M6V9QN
3902,ZAKT9D
3903,8NCZWF
3904,ZBJJA5
3905,KYR9BF
3906,PT34BV
3907,JH5UGS
3908,YDPRRY
3909,W7SWBU
391,Z2KQMR
3910,VN34BF
3911,EAKY7E
3912,9URQ2V
3913,XF8XTJ
3914,TUE9YH
3915,SDHCU5
3916,STE8KF
3917,9E7TQN
3918,DK2XS5
3919,9UXW7C
392,MQJUCV
3920,MYCY82
3921,3DRQRY
3922,2BJK8D
3923,HU9DZ8
3924,ZNZMVB
3925,CU5ES2
3926,UBXXN2
3927,2Q3M38
3928,ZDEN4M
3929,STCNYC
393,VVHYNE
3930,235VWR
3931,WAJ9KJ
3932,5QK59M
3933,ERV5QJ
3934,3U5GPD
3935,54ZP8V
3936,3XM8RD
3937,R4WRBP
3938,U5EM2F
3939,XRTMYU
394,WE76GG
3940,9GS2BC
3941,C9FYMP
3942,7ZUEEJ
3943,68FNWV
3944,WFT4H2
3945,7SE6CQ
3946,K3UZ3N
3947,QVCKH4
3948,MM3YDV
3949,KNN88Q
395,2A9SJA
3950,RC2VZV
3951,EDFQGS
3952,9DZQW9
3953,GJYUEE
3954,BPQ97Q
3955,92K4ZM
3956,T52YS2
3957,PNUNMC
3958,96R39U
3959,ZK66NX
396,U9AUTS
3960,MZ6UNX
3961,AJYEYX
3962,AZ9F5T
3963,ZBTGCW
3964,FES9C3
3965,HES3FT
3966,VDGQS2
3967,EUX55S
3968,M7KANY
3969,PNE6T6
397,QJDSWU
3970,JNYSTF
3971,6Y6H89
3972,UKVTRT
3973,XRBNFF
3974,CNH6K7
3975,N95UVC
3976,CTJX5N
3977,WU7ERV
3978,VZ9M77
3979,U2QRKZ
398,BTX9TE
3980,KS8XS5
3981,EJBW89
3982,ZVCKQC
3983,WJH7ME
3984,W4WD2G
3985,DCN2RG
3986,2FMHYK
3987,3A7Y3K
3988,XZRMAH
3989,VEKHX7
399,CY8NU2
3990,N53Q32
3991,ARZHKC
3992,D6ND7F
3993,9G4B9Y
3994,MNX9AG
3995,FSPTGN
3996,DQM2MR
3997,HDPPCK
3998,8VWDQ2
3999,ZYS47G
4,8WZSGM
40,B9DQ2S
400,NGYTK7
4000,YX27V9
4001,AJ3AFB
4002,R7MJ95
4003,WZF3YE
4004,2637MN
4005,66MC4G
4006,7XNEH7
4007,VXJQGA
4008,PMUHQD
4009,3RSVVM
401,ZWYE69
4010,JFKDAB
4011,5KATPF
4012,BR22ZA
4013,E42B2B
4014,4NMDGZ
4015,RU9J8Y
4016,C3T9AP
4017,3F6P9Z
4018,V26PS6
4019,C2W2Z7
402,83H2R6
4020,9NA4FQ
4021,GSVKW3
4022,E32NHH
4023,7XNPMG
4024,VVRQHM
4025,BX4445
4026,PF5BYA
4027,5PNZTK
4028,W3BQUG
4029,99UBSJ
403,J84S97
4030,3E2TWE
4031,CBYESM
4032,AWUSYV
4033,CJV29Y
4034,RPXZ75
4035,MJ7T6E
4036,M26A2Y
4037,J4VKER
4038,KDCVVR
4039,ZHDHWW
404,VNB4ZY
4040,G44B5P
4041,9PQHGG
4042,AXAVPY
4043,5TFJA4
4044,UNGDN7
4045,RKGP37
4046,V8HAK9
4047,RNHDKW
4048,75ZDTV
4049,XGUKTY
405,SMGUCD
4050,M9533W
4051,XFZB6V
4052,WT6NJW
4053,486WVY
4054,NSD6C4
4055,JZSNKP
4056,BYVGBM
4057,G8Z76G
4058,TT4NS8
4059,TSJ7VM
406,F7PTM4
4060,S5RNC2
4061,83JMSC
4062,39Y2PG
4063,HU9M9G
4064,3AWUNX
4065,FNX5SN
4066,XMGPRQ
4067,26RUEE
4068,TAJE5J
4069,CXVACY
407,RYZEWV
4070,9NNPD9
4071,6HFYHE
4072,WUZ67Z
4073,PRGJ3T
4074,PH2JRK
4075,4HWE4C
4076,VZZ5HF
4077,GA8WAV
4078,SHSXYR
4079,2CPG6B
408,HBY99W
4080,4JAWPF
4081,WTDFJN
4082,UN99SP
4083,KMQ77Y
4084,UJBY4K
4085,5RFV53
4086,6K3P84
4087,XZM2PE
4088,6EEXQT
4089,KGRBJ9
409,ZE2TG7
4090,WGJU8H
4091,9KPNSK
4092,7X5WSF
4093,M44KTS
4094,3AQQN2
4095,TM8W2N
4096,A3UXVQ
4097,7QXKX3
4098,UBW6J9
4099,GV8VHS
41,37SG33
410,KMAFQ7
4100,WYBEQH
4101,WARYBG
4102,Y4J2M6
4103,ZG7Z3F
4104,6HNRTP
4105,V8PFRC
4106,NYRGV3
4107,B96KCG
4108,YZFKXZ
4109,AWU6P9
411,THETNX
4110,JYUD3V
4111,JCU7PR
4112,RB7GKY
4113,D369AQ
4114,ADJK2X
4115,BPMXBE
4116,XKBUM7
4117,6D6FNE
4118,3BR5NJ
4119,N2KE56
412,FVFEEM
4120,3QTMK8
4121,X8TWUS
4122,8U8XK9
4123,S5MP64
4124,UUK5FA
4125,6WENRB
4126,NNFTM7
4127,JFKDFQ
4128,ZF46CG
4129,GXA6VR
413,ZBEPMR
4130,B8STER
4131,HH9B23
4132,DB4FE6
4133,VCHBXF
4134,SHVCHR
4135,VYHWH4
4136,WKSHN8
4137,HQGPK9
4138,AJHXA6
4139,VDC4QM
414,4SGCRT
4140,FJUM5R
4141,2M5VHT
4142,TPB72F
4143,FQSPJM
4144,VURVS7
4145,22C9BR
4146,N6JAWW
4147,5578AR
4148,SCQBGZ
4149,EJ4774
415,Q9ZAN5
4150,ADXBR5
4151,5EYD5Y
4152,PWVNGZ
4153,WC454H
4154,XEM4BA
4155,9GKJ5G
4156,MH4U6J
4157,QQEFFY
4158,3CCY3M
4159,WZA6GF
416,EY83NU
4160,PVK7V5
4161,FWCRWU
4162,G9X3NE
4163,NSBTC5
4164,6ZF48V
4165,6W59Z2
4166,67M2RW
4167,9XCEVC
4168,SJUTCW
4169,SN2GNX
417,K5KN7K
4170,K9ZYD4
4171,Y2U8NK
4172,VBSPWB
4173,6QF9SM
4174,W8X9UK
4175,976RY2
4176,VZEFUN
4177,GB6J35
4178,K4X6HU
4179,W8TSMH
418,DBVSDF
4180,RRYW74
4181,UBP5XK
4182,Q224C3
4183,NDKJ5Q
4184,XUMA4B
4185,N4U64U
4186,X4FA6R
4187,ZC5NSS
4188,GYF3NJ
4189,F3QJXX
419,8A5P2Z
4190,DQ58AG
4191,7XXTA5
4192,RTZJBR
4193,ZYJNFK
4194,ZMRPB8
4195,6HMJA4
4196,METCK7
4197,95JSQP
4198,YBAZA8
4199,Y42638
42,EPEQTG
420,6UPUXK
4200,7MA9BC
4201,YGQFUB
4202,XNCEAW
4203,VJRNXX
4204,3JB6AR
4205,74FDMU
4206,KCMQG4
4207,S8NTGK
4208,9M9RP8
4209,UDY7A8
421,NWNR7D
4210,3287P5
4211,5WMMVR
4212,AERWWE
4213,6QJEQV
4214,8UFQ5C
4215,3EDVJZ
4216,PA6Y2Q
4217,F5QAZD
4218,B5MZ56
4219,86JPG5
422,JSET6X
4220,GPT4TS
4221,GEHN2V
4222,AFAUVD
4223,YKFJAA
4224,ZE5UWH
4225,HMFFHC
4226,BEECWR
4227,GYVGGJ
4228,ZMAW5K
4229,VTNGEG
423,74XQNU
4230,YANNXH
4231,WR9NPR
4232,8JXUVG
4233,G9H5JR
4234,8G3VQJ
4235,5MS2WX
4236,MGQS5X
4237,X7DAKG
4238,6J9AKA
4239,9QT6SC
424,KF2CN7
4240,HP57BT
4241,R7X5AV
4242,QXJ4ZU
4243,UMJ77Q
4244,GNJG82
4245,257QH8
4246,2WJYPY
4247,WMDU72
4248,7Y77A3
4249,WNPRBD
425,6GGNBP
4250,YR6WBC
4251,DEYHZJ
4252,N7Y6VW
4253,FN6YC6
4254,AT38RY
4255,4C6758
4256,H34PET
4257,GQG53W
4258,N7H43R
4259,AHFDSW
426,J9BWA5
4260,R44YTJ
4261,XG9XWZ
4262,HNU97K
4263,YJHVWQ
4264,FZAJAS
4265,8X5NZ9
4266,59PGH4
4267,5CTYKY
4268,MCDJ4S
4269,B882SR
427,32RCUD
4270,U6ESET
4271,3K97EP
4272,5WU554
4273,9SJ8Q9
4274,UERBP5
4275,6377MU
4276,CC983T
4277,PBJQCR
4278,HE2PTZ
4279,4BPT9N
428,DKE656
4280,TVGJU9
4281,JUJJEU
4282,RHDMGA
4283,3CHKQQ
4284,ANZFY4
4285,XF7PP9
4286,N3HMP5
4287,YFW59V
4288,CFKEMT
4289,N9FDZR
429,P7ATDH
4290,RV6A4H
4291,H6MJ7U
4292,HFDWFW
4293,8YGNNZ
4294,UDTGTH
4295,TTWM22
4296,538W6W
4297,RQ7BPY
4298,QBDR2Z
4299,ZUMZWW
43,T7TDAJ
430,9CCJTG
4300,RTA45E
4301,JBZGFY
4302,SC5VCP
4303,YMY74K
4304,SQUSJ4
4305,CZEJ3J
4306,4BK5X7
4307,9UNHD4
4308,2KYJX5
4309,VH357T
431,DG3Y4A
4310,UDU9CK
4311,Q5RHGS
4312,CBZ77X
4313,P2EPRN
4314,2FGTWC
4315,VJJFYM
4316,DADZJE
4317,7N6KW4
4318,NVQD3J
4319,M6SPS6
432,BVE7QS
4320,J4H8HE
4321,A2KNYF
4322,HWB7S8
4323,TH3VMA
4324,CGT4W9
4325,X4HYGX
4326,CX39E2
4327,8MPNHB
4328,K8PW22
4329,C7QVX8
433,E5VNTK
4330,JDWXG9
4331,HM3GTJ
4332,E5VMU8
4333,8WNZP4
4334,DRP4V6
4335,XHFGJX
4336,6685X4
4337,83M7WK
4338,GE4FWA
4339,RE6J6G
434,JYG6FZ
4340,786XP5
4341,XA7HUD
4342,WDN29C
4343,VQDYF9
4344,A727MZ
4345,7HADHW
4346,XCMZBU
4347,GHEZ4X
4348,XD544U
4349,RAD5AC
435,QG9264
4350,6X9334
4351,EMKSQK
4352,RTK4ME
4353,RHMGD4
4354,PAV2UY
4355,QX96K7
4356,HAZX66
4357,NV779G
4358,J9V7HY
4359,ZFTKBS
436,2K6J78
4360,NSXCUY
4361,6ZWA25
4362,XFKKNR
4363,QWAF6J
4364,WNMVJK
4365,E2JBMS
4366,S9ADYK
4367,H8HVHF
4368,FKFBQ9
4369,HUUN9J
437,PDNVMP
4370,9FA5BU
4371,6SP2MV
4372,G6CN5X
4373,NFZP73
4374,ZMHVE9
4375,B6ZPNF
4376,GH3PJ9
4377,ARW2AR
4378,QC2XC9
4379,CAV6WF
438,CVT2NW
4380,ZGDCH2
4381,V2EY7A
4382,QH7DNX
4383,XXGSTR
4384,6BGX8Z
4385,JSBS2K
4386,26QZ6Q
4387,CQNGFR
4388,ZRR8TG
4389,FR5ZXX
439,V7C6MY
4390,4QE5D5
4391,SCAB8G
4392,AXX8RB
4393,GYU8MD
4394,J9UU4B
4395,T9GKQC
4396,J4CWMS
4397,V7PPBS
4398,9887JC
4399,VM76D7
44,3XC6Q7
440,VH33CG
4400,8UTWHZ
4401,7TTDVM
4402,DYGPCW
4403,AKHTG7
4404,UCN56G
4405,PC2NZT
4406,P93DYA
4407,NJTEEY
4408,RY5X2A
4409,SD5TDH
441,JTAB8T
4410,CWP3YF
4411,EBVSJ6
4412,34T45D
4413,6QF8V5
4414,R939UK
4415,K2D2MP
4416,DB7HGD
4417,U3PF9Y
4418,3EWQJ2
4419,YHZSS5
442,NUQAQV
4420,BMV76D
4421,6Q85UG
4422,AM67G7
4423,ZXH8P3
4424,AKEDD5
4425,X5SJ76
4426,AUJTR4
4427,BPJNJM
4428,2MB8N5
4429,82YGRQ
443,W2ENYW
4430,ZB7FGN
4431,5GYN79
4432,HCEE4M
4433,CKNGEJ
4434,4V6DAE
4435,XVEFDJ
4436,K7GPV4
4437,BSGMD7
4438,5TVAM7
4439,XVA9DE
444,S2VRPF
4440,YR9FEE
4441,R6VAXA
4442,4D5A37
4443,NB54GF
4444,8592K3
4445,69UHZM
4446,4G9PVG
4447,8TC75P
4448,PZ6S82
4449,QK9VRQ
445,BPCXHY
4450,ZXT7G9
4451,ZXBM8S
4452,HTMRGU
4453,U6M8NC
4454,6MCVB2
4455,K7CAGC
4456,RMT3MP
4457,2QA4MC
4458,BPJY2U
4459,DMZ9JG
446,K32CDJ
4460,G6NBWM
4461,YX5XZF
4462,YFCTW7
4463,VJEJ8T
4464,95EK4F
4465,UEKM96
4466,ZT97DR
4467,W3VQ78
4468,93SN88
4469,7WXBR8
447,CBZUZA
4470,RNYQKC
4471,3T4UYV
4472,Q7F769
4473,GKKGGX
4474,WMT73K
4475,WVZCZG
4476,UTJC3U
4477,MP2BGR
4478,J4PTUZ
4479,75W953
448,6WDU3S
4480,XF9WHK
4481,2PU33T
4482,3SJ3ZA
4483,W44BV3
4484,EGJ85Y
4485,NH4KKZ
4486,PJ4KCM
4487,RXJAPP
4488,WCN65B
4489,8CMDMZ
449,EDR7QS
4490,8W64UW
4491,U35D82
4492,2EVHUH
4493,EZVXXE
4494,GQMMMC
4495,TWDJYE
4496,K76Z46
4497,9HS7UH
4498,D5WV64
4499,K4XCG7
45,FUB667
450,V2CZQ2
4500,8PGDZJ
4501,87FJ9G
4502,ZTV2MT
4503,NHDVMY
4504,SE8Q89
4505,AFV9HM
4506,ZMBKUZ
4507,UGS23E
4508,VEYVWB
4509,5X33CA
451,W3NWGJ
4510,CA62HQ
4511,7Z8XNS
4512,8GEP7S
4513,7EC9UA
4514,PZ7GE7
4515,WCYXF8
4516,5AZGJX
4517,7XSG8C
4518,H728AX
4519,CGC59Y
452,96647B
4520,SCMQKU
4521,WFVDTB
4522,FRCEFE
4523,KATZCR
4524,G483BC
4525,835DGP
4526,H6U6DE
4527,QK3A42
4528,ECYEZU
4529,VZWCPM
453,5ZKSB9
4530,Q9EAND
4531,K726FP
4532,VQP4BS
4533,FCFPVN
4534,9V5MBQ
4535,AYUYC2
4536,TRZ5M3
4537,VMTMAM
4538,X4JTQ6
4539,SJZZPC
454,QFS2DR
4540,ZVXVCE
4541,4SGG8H
4542,XMDJKR
4543,E6PAMB
4544,RAK2FX
4545,PJS8PS
4546,KC54MU
4547,4QCER6
4548,MTPSB4
4549,RGYPDB
455,GGE77M
4550,VK5UKC
4551,YVCKKU
4552,AHK2WM
4553,QG6K6W
4554,5U3NSQ
4555,EQ2HEB
4556,45HF2Y
4557,BH779M
4558,RDT34U
4559,2YT562
456,TYJREE
4560,2N9QXU
4561,EMJARE
4562,2KVQUY
4563,KK6M22
4564,7Y7WRG
4565,XEV5Y8
4566,5J9RAZ
4567,P6VA79
4568,PFPNSX
4569,A2KTF2
457,MDKQUG
4570,8SZ8Q8
4571,HMGMKQ
4572,HC5SK5
4573,2KP3P4
4574,XWA592
4575,6N6J7E
4576,2YDWQP
4577,V264GM
4578,7XMDCN
4579,EE8BGT
458,DK9JBM
4580,XPFYXV
4581,EKXZE9
4582,H8UG9N
4583,UDP87Z
4584,8XTA8X
4585,X8NTEP
4586,DAMNXX
4587,KM8JNR
4588,Z57HFX
4589,PN64AM
459,WUJJ4Y
4590,GPT8C2
4591,9FCPZN
4592,6QCU93
4593,B9UWPT
4594,FDRQ84
4595,MNANCV
4596,EMYGRD
4597,57MUYN
4598,MHUBU2
4599,B6V585
46,33DVFS
460,WRPT4F
4600,UWCY9W
4601,GVHEJJ
4602,MYJJ7H
4603,JAJWNY
4604,3K99GV
4605,U537NQ
4606,SMCYZ9
4607,4FC95B
4608,AVTY7K
4609,3EXZG7
461,AXNU9G
4610,QJS96B
4611,3YJSTF
4612,B4C6DD
4613,WHCHH8
4614,MC8DJ5
4615,P5XZ72
4616,ND59EU
4617,T5PSB5
4618,P3ST8Z
4619,432BXJ
462,PHQF75
4620,4U7KRV
4621,KF36RP
4622,BMR47E
4623,5D9KRJ
4624,KQPADG
4625,63WEKQ
4626,E7KPVY
4627,XT68AS
4628,CPPR8N
4629,MG6CTV
463,U3FEWG
4630,8E2M7G
4631,35QQPR
4632,FK2H2N
4633,RT587A
4634,YT9V85
4635,YUKSMB
4636,VBPGV8
4637,NCCH4A
4638,NFKYAM
4639,VSZR9P
464,JF58GX
4640,HN7NV4
4641,FYFK8C
4642,XKDA3E
4643,B5NZV3
4644,D5Q5UN
4645,9JXRCS
4646,9ZY4MB
4647,VTWWFX
4648,8G46QE
4649,NT2XWR
465,B2VQ4A
4650,XW83ZG
4651,2B4YKX
4652,VGR3TP
4653,6S3M7A
4654,HD7Y6Z
4655,BUDE9F
4656,DN25XV
4657,2AUFK4
4658,6UNSVF
4659,3JJVCJ
466,ZS6DGB
4660,T6PRQ6
4661,MSVWHG
4662,8FRJUF
4663,DZ75KE
4664,EAU2NN
4665,549TD2
4666,B35R22
4667,QFZYPX
4668,775H3F
4669,94X49W
467,FVD9PC
4670,PS7TPB
4671,NBQNE5
4672,AT3PY9
4673,VW4DUN
4674,WJFJGV
4675,QTDVYG
4676,9UCANF
4677,52H3AK
4678,Z3JU3X
4679,AATMGT
468,A2NZ7J
4680,FGJZUE
4681,EHUCFM
4682,EPPGZ4
4683,SURGYW
4684,7M7J7Q
4685,7NFCCN
4686,QXUK52
4687,G7VKFA
4688,BNW3UW
4689,DSSQSZ
469,8GX33B
4690,7352TD
4691,87RPX5
4692,HBXMSC
4693,QAA97J
4694,BHVEW9
4695,DDECEE
4696,KVTWMY
4697,2UADDK
4698,5DFDDE
4699,CX6WZR
47,PN2XKT
470,BW9GEX
4700,QQJY4U
4701,MCYE4F
4702,E4KNBY
4703,2D5T32
4704,KNYQK2
4705,YJTQP9
4706,GYRMJ7
4707,MRZPAQ
4708,DAB5S6
4709,SVA2VE
471,T2X2S2
4710,KPZ9X9
4711,TKKN6R
4712,FA9FEM
4713,QYH5DN
4714,R5HND7
4715,C22TG5
4716,6QQ4M8
4717,MEM94P
4718,TCHPQM
4719,GAA5WR
472,FEVFPQ
4720,3XHY5N
4721,PBRUEQ
4722,AM274N
4723,JCA6K8
4724,YGETKV
4725,XX2GWW
4726,PAKBT4
4727,4EFGAS
4728,HRNUQG
4729,FTUM6Y
473,QKR4GA
4730,K3P54T
4731,EVZP2K
4732,99B7C8
4733,VCW7FF
4734,PUX6DX
4735,CGMSM4
4736,5V9EPX
4737,WAD6CS
4738,FPWJ5X
4739,UFNS9N
474,28WNCB
4740,PPH9JU
4741,K3TA58
4742,XR5NSV
4743,685DXY
4744,RPZZX2
4745,8EPHGC
4746,6RBVBT
4747,KMBJWC
4748,X7T85C
4749,HNSWSF
475,B2FVTS
4750,BUEBN6
4751,CZH3DS
4752,5WBX4S
4753,EJ8Z7U
4754,FM6N9F
4755,XCDPS7
4756,UNBSAE
4757,CTBPR9
4758,5GRMRU
4759,D3WYYV
476,YBUXRK
4760,M42ME6
4761,H7SSGP
4762,AZVMRA
4763,34Y39R
4764,7AE3Y5
4765,Y8WHH6
4766,2JKN7T
4767,UZYBJ7
4768,BY2V6A
4769,53DBEH
477,EYUU2A
4770,7ADHNY
4771,HUSPSW
4772,C9N8WJ
4773,GRDFJK
4774,ZRYD2U
4775,5BNQZV
4776,ZKYJKV
4777,ZRZP5N
4778,HHYRAE
4779,KZ5F53
478,RTQP84
4780,HMC5CQ
4781,BY9QQV
4782,ZAYDS7
4783,HA86P3
4784,236XQJ
4785,U9TEM3
4786,J6SBP7
4787,CXX76D
4788,XAPX4G
4789,T63Z5K
479,NA9YSC
4790,KNVVH8
4791,STUJ33
4792,RATA6N
4793,S8AGCG
4794,8ENCN2
4795,AA4FPS
4796,EBG769
4797,GNF8GZ
4798,BX5N7G
4799,9QQTNN
48,WZUS9N
480,SNWDKV
4800,ERJ8XJ
4801,MHNPAV
4802,CQ5BGP
4803,4JC6UD
4804,J3ANCE
4805,S9KWX5
4806,K3P7DP
4807,JAUXWN
4808,BRAZKB
4809,KKJ9VS
481,7P3V2K
4810,7BE5JQ
4811,57PXWU
4812,6ZASTF
4813,W8YZRW
4814,PDF3ES
4815,9UDANM
4816,WF495H
4817,X9SVA6
4818,QGKMFZ
4819,TS3JQH
482,PG4XGS
4820,AJM7WN
4821,2RQK6U
4822,Y22ZYA
4823,J9T4NY
4824,2YAQJQ
4825,HYRQCJ
4826,DEVBK9
4827,988HZV
4828,4MUDYZ
4829,YE3J93
483,HSSQAT
4830,GCJJ9J
4831,5SETF8
4832,GJV2B2
4833,WN7JF9
4834,CTFYTB
4835,EFQ6K7
4836,MTRW2N
4837,QCG56Z
4838,8Z84D7
4839,9VJWAU
484,GAKMYT
4840,W6GS7B
4841,U9EMM2
4842,STQUC3
4843,6TEP5H
4844,94ERCZ
4845,NBGUYN
4846,3DHMBF
4847,XZ5WJ3
4848,WSNY69
4849,CFKKAP
485,76HJYC
4850,CFMB79
4851,HYZFFS
4852,RNJW6Y
4853,UYVX33
4854,B962QV
4855,KR9ZSP
4856,SY2HPK
4857,2DJAEH
4858,PSQ4VP
4859,P9K6JW
486,YR6EAA
4860,Y74ECX
4861,XHQQ9K
4862,3MURJ5
4863,Y9UBMS
4864,6HZUZF
4865,XUJ76R
4866,5SAQTD
4867,DMSZF2
4868,CXQYQ4
4869,DB2ST8
487,7T3YHC
4870,7QKMW7
4871,WS33BX
4872,ECNM4T
4873,8E3VZS
4874,4MTYA4
4875,KDQ9S7
4876,F59D84
4877,MXS9KD
4878,6WESAX
4879,4FSYN7
488,E5FBPH
4880,Y4QV8F
4881,MRYY4A
4882,UNNAG5
4883,QJJMCY
4884,4933RP
4885,CZARAY
4886,7KSCDW
4887,TTYZTR
4888,9M56YM
4889,F9UX4Q
489,MS6NM5
4890,VFEWSS
4891,8BRX5Q
4892,XHP2TC
4893,Q586KT
4894,CZTNY6
4895,KXQ5Q9
4896,TT6HUW
4897,VMVQ94
4898,2V5NB9
4899,9ETJE8
49,MQ9QCE
490,4TAGNZ
4900,JVQBW2
4901,JSRP4V
4902,ZY4HJ7
4903,VBS8XU
4904,FTK7FA
4905,Z2UE9U
4906,MSFKDH
4907,Q6X9QC
4908,KF5WCC
4909,ABV62B
491,P2KV25
4910,HNEA5Z
4911,5DANT5
4912,QFGVMQ
4913,D3QVST
4914,FT5UFN
4915,JX5A3S
4916,EE9KE8
4917,X3BEYJ
4918,TY5YN6
4919,GEQDH6
492,8977MQ
4920,8MJSJ5
4921,G2BEN5
4922,XMGC9R
4923,95QPRS
4924,6TXASH
4925,F64QAN
4926,NB4FHC
4927,S8CFP2
4928,642BE3
4929,EAZER5
493,2TUCE4
4930,T88ZX2
4931,6J5MSE
4932,GUA69U
4933,C2ZYDT
4934,Q68VDH
4935,V9GVPK
4936,423Q34
4937,W38TU7
4938,PEFP29
4939,CE8MF7
494,JM3Y4Q
4940,54A8K6
4941,HHVWET
4942,U4FZ44
4943,GQGUKT
4944,4A8VQA
4945,VNS82P
4946,32WF67
4947,J6PA6N
4948,BYQCMC
4949,9T92FB
495,UQAEG7
4950,EY3EZ3
4951,QTD3H2
4952,MC9RND
4953,ZH5MCC
4954,QFN4PT
4955,VEN9FQ
4956,BTCNF9
4957,X4GN6W
4958,DH5GNF
4959,PRPKVW
496,9PCQDZ
4960,MDC2MS
4961,RD2YPT
4962,2DN5PK
4963,YP45M2
4964,KNMD8T
4965,RKNWNP
4966,RQMKNT
4967,N7EKJV
4968,BAZ4H6
4969,PY8QMX
497,MMUG94
4970,3EGQSR
4971,PAYFHJ
4972,GF3375
4973,7ECAPR
4974,WP587Z
4975,Y6FCUK
4976,YNRPB5
4977,ABF94J
4978,ZZ8XFP
4979,DNK6RP
498,JCWHHJ
4980,BXQTZN
4981,BPU2PV
4982,T4W98T
4983,AV4Y6J
4984,Y4BQ6Z
4985,ZDFDRP
4986,EY4E8C
4987,M3MZ9D
4988,X6NN79
4989,5P7YBR
499,9MA3BU
4990,DMU735
4991,R8DMFR
4992,Y8AFDD
4993,B2QHDY
4994,HGRRYY
4995,KJXFRP
4996,RRJUG7
4997,Y4XHEP
4998,9282R6
4999,B2GPMC
5,9RNNGG
50,VZBKHH
500,8RSCQF
501,G23MSN
502,SE3XG8
503,9JHRB4
504,6XMA66
505,ZMY7JX
506,AZ4E77
507,BWSZZ2
508,NMP2KB
509,VNBMD9
51,XE7MVW
510,QPBEKN
511,MRSHC9
512,WH2FV9
513,BRMJ9R
514,E25PSK
515,8DSWH5
516,WHCCXQ
517,6AUPPP
518,TCE6JU
519,3WMPDU
52,GXD648
520,ZGYX3V
521,79GZM6
522,BVBJND
523,NHZAUQ
524,3T9T4B
525,SY5HEJ
526,HUDG7G
527,SV7MCX
528,NRSXUU
529,H3EN76
53,UG2TBU
530,9CTEGE
531,EFEHPP
532,4PRTF2
533,6KF8Y7
534,HMUWHR
535,NJJDAA
536,SSUBXQ
537,M2B9V9
538,M3GPA5
539,43GFYT
54,ZP37U6
540,BEF7YS
541,K9FCPN
542,N3WPBK
543,KVC2EB
544,XUUNAW
545,EMVTWF
546,KGJHTF
547,XE6XGP
548,P8DYHR
549,8VMWGX
55,P4F7KR
550,5U7SVX
551,CGM3GW
552,EU39QS
553,RTTMSF
554,KTZC5E
555,S9N4T8
556,VME9YG
557,KJQJ2X
558,QQ5JEK
559,6PCRXZ
56,6554NZ
560,DVZ8P7
561,FEFEA7
562,DDF428
563,H39ZQP
564,S7KXV7
565,YC2JTZ
566,RFTHY2
567,KD7NSF
568,J5BNY3
569,X2ZUDH
57,RGB5AX
570,9DVY5K
571,8SJC24
572,2HM5PX
573,RHT9S3
574,CMA3YJ
575,UPBT5Y
576,4TT4T3
577,K6DURB
578,TJCYQ8
579,CS3794
58,2BABPN
580,M2ASC7
581,9NKHUM
582,67PFWF
583,BURYKW
584,ZTP234
585,5GD5MN
586,455WZD
587,4SH3U8
588,AEG7CH
589,DDM4A7
59,58BJZN
590,PMP6UC
591,4BFGYH
592,ARQMRY
593,M397Y8
594,KXQC7C
595,R94BYA
596,JWEQS8
597,NQRR4C
598,5MN9GJ
599,Y9NVW7
6,9G43ZS
60,2TR6YQ
600,AYUBYQ
601,4F7REQ
602,BC48W7
603,Y9VJ75
604,3RBP7A
605,TEWKW8
606,BMAD3S
607,ABUF8W
608,MHF322
609,P6JV3U
61,NTYXGZ
610,SHSKR3
611,ZAR622
612,4BX2JX
613,ZV98KB
614,RSRDDA
615,FWK6WR
616,48QKBV
617,KQ9HNW
618,FAAXB7
619,YJVXFG
62,HCXEKW
620,Z79KWJ
621,VC62JM
622,66JF3N
623,CCS8J2
624,RYU83K
625,T6AGBH
626,55FPM8
627,BQYJVG
628,TPPN2Q
629,G79XD9
63,KRH6S7
630,8NM2HX
631,VAZ4KQ
632,5ABVDW
633,7B4ZY4
634,MDJEC2
635,NDB9N6
636,W3JK6D
637,UCFXXD
638,7SENQB
639,Z839HS
64,K5GN2W
640,VPNWT9
641,JDGBTS
642,GMFQ8R
643,5TKVHR
644,SPG9SU
645,VV8TGR
646,6EHK2S
647,JXAYH9
648,3U4ZXF
649,YVZP74
65,A742MA
650,3Q7CD3
651,QY5VV8
652,KCTHF4
653,AZUE2T
654,4JYQ8C
655,Z48ZQU
656,6TYJHT
657,VH5URU
658,4NBP6H
659,W7GGV8
66,5KQM3X
660,5HKA8P
661,WFSZSZ
662,6VJWG9
663,TPXRWE
664,6GUTGF
665,GRDXFC
666,XC5XYR
667,JAVE88
668,NUNQMQ
669,WXZXNV
67,NDB4DA
670,CACJKM
671,2XUHAA
672,V2MJEY
673,7RUHXB
674,HW5B7Q
675,43FQJN
676,9AQUY5
677,RQBX6E
678,Y5BZYZ
679,UHG2QR
68,6DPUR5
680,92M3G7
681,4WPA7H
682,EZBH6D
683,U263UK
684,EQ9R58
685,RYFWKY
686,Y9J5N5
687,26XCBS
688,A7YCEV
689,F6ZRZQ
69,MY7EWP
690,WTBBFD
691,7PMFZR
692,EBVCFX
693,XCGSV4
694,5HY92H
695,SUYRQZ
696,5CGVTT
697,6GC42M
698,5MBSYY
699,WXW5WV
7,59DEQC
70,Y4YHDJ
700,WZ8DGC
701,MJGNE4
702,EX7VPX
703,X2335A
704,VH269N
705,EKMY9S
706,6NKESV
707,QG6JN5
708,77G97Z
709,6H3DUP
71,PUU6YJ
710,DAH5U8
711,Q6XP5M
712,AVG8PJ
713,AN6US6
714,FBJWUF
715,JVR36Z
716,YTJ7XM
717,QHQWGT
718,5S3H2H
719,RWW35Q
72,K7448K
720,H4YYVG
721,SD3H4D
722,SHRX8H
723,CSJR6M
724,ACPB2H
725,N9C94H
726,8DEK37
727,CR6Y69
728,93H8J2
729,KWTFZS
73,94PKQ6
730,29UZG6
731,TFH3KQ
732,A6W3QB
733,FHBMTK
734,Z4DYPT
735,KC9UWZ
736,AYV4JJ
737,JBVHFR
738,578FBG
739,CAR5Z4
74,7MYJ6Y
740,89ZCPZ
741,9G7VEZ
742,SDVFZG
743,EARB65
744,SG8AQB
745,3YHWE8
746,ASBKKQ
747,49R5YR
748,Y4H2ZU
749,CHJRNB
75,UR8DVE
750,V3RAUK
751,H7RYH9
752,QC4X4F
753,8D63GM
754,X4KWGB
755,MU4H9A
756,DHWY2K
757,CZQC7B
758,P5KYNX
759,7QUB5Z
76,DG44WN
760,FUNCF7
761,67JGWY
762,4QUN9U
763,P953DT
764,QT6YBA
765,XPU66D
766,94AQZD
767,Q3WJ7F
768,W72KNX
769,YG43U9
77,2ZDK6U
770,96RJN3
771,U8ZEW2
772,VMBAUD
773,64NGNX
774,J59EEZ
775,NRPM2J
776,NQ8HBG
777,EZY2RG
778,RYY66J
779,J3ZTAJ
78,9VFUTP
780,22HHX7
781,RMX4NQ
782,TJM2HQ
783,MHY4DW
784,HU8DHP
785,8SK45J
786,VQE98G
787,84R83G
788,6EKXK2
789,MHTGX8
79,GYUNGX
790,2CABVU
791,WK8RH2
792,X73SYT
793,DS59Z3
794,JNMMK6
795,2SY9DC
796,5NQDT4
797,K72CBS
798,UM5FM3
799,ZZ82JK
8,42B49U
80,XJ39ER
800,Z4V5AQ
801,U7E927
802,RBFCTC
803,XZMMEU
804,E3XKBK
805,WSYKBM
806,76SWCF
807,3QJ6Q8
808,C55MCQ
809,PF9V9R
81,ETEZ92
810,DYNSH3
811,Z5FYX3
812,5EEXZ6
813,G3QBME
814,W3FBCF
815,ZHEMB2
816,BJMTBQ
817,NRH6VD
818,CCWBQK
819,N66Q52
82,MT2ZSN
820,PT8YSN
821,Y96QQ3
822,ZV9AW4
823,G5CBV6
824,UPTCNN
825,AR36WP
826,7AFAET
827,EQMGGB
828,4KQTHS
829,UCVC6T
83,SBH4FF
830,2RB4R9
831,5NUHWJ
832,CAXRPU
833,7KTCMH
834,CKC389
835,8D3W8D
836,2Q32Y8
837,PMRSU4
838,6YKNU6
839,HHCPGE
84,4E7HD2
840,3247RB
841,9NY8MP
842,4YV594
843,95EVAZ
844,2A4KWN
845,M5TFHJ
846,VMA9WK
847,FJ5UMP
848,RYJ4ZY
849,TB8WP7
85,HJUEA6
850,K7PE78
851,KASMC4
852,GYRYUN
853,QHVSX8
854,FVCZA8
855,GAKXQK
856,BTMW7W
857,6NKHFQ
858,U3QTCZ
859,ARHH5D
86,7TTCVV
860,P8AG6U
861,XYT23N
862,24XYQA
863,G8TG48
864,836UFS
865,FN8VBX
866,35ZQBY
867,TSX9W9
868,7PPSYR
869,M35HB8
87,WCHSFY
870,3WARTQ
871,MG6EGY
872,ZNAVXP
873,8UTFFX
874,RPQM5D
875,Q8F6AV
876,W9NG3T
877,RC6YMF
878,33XCTG
879,E7WY9C
88,B3YT6C
880,U7E79G
881,GM5P7F
882,MR9VQM
883,G33S3W
884,5N462P
885,KEPDQM
886,DRKMWC
887,7Q3VYH
888,XZAC5G
889,3G5SKY
89,8BYX5H
890,J3NYN5
891,DEJ5HT
892,F6Z8EZ
893,R7KRYC
894,NUH7T4
895,KNUBTB
896,VKXCWK
897,54FCXV
898,RY5ZWX
899,N6F9KY
9,528S99
90,FAZWPN
900,XN8J5C
901,8QVXNU
902,ZCWVXG
903,RE92HT
904,G6Y2DC
905,YSPPUC
906,8YXSUF
907,E7Q6HF
908,QTUK2E
909,X32JAU
91,URYZZC
910,YYF73X
911,YYJUX6
912,9BC97C
913,3Y662Q
914,UR64R3
915,HDC9M4
916,DFRN87
917,GCP62Q
918,8ZN98Q
919,PCPKCX
92,6SHBAE
920,6M4YR3
921,5N89PP
922,4YBEQF
923,BMWZ6F
924,CBH2R8
925,KEJBPK
926,PQ7ADN
927,439PCV
928,FF6PX2
929,BZ2RHZ
93,EAP49M
930,GN3R5D
931,JY6HDX
932,46GMHP
933,6TVZG2
934,9NE8KY
935,98X4YB
936,5QNQDE
937,XSMXMS
938,PEKBP4
939,UTEYSR
94,7PY6AS
940,3XPZCN
941,MWHB49
942,CCZRKE
943,JR5TZ5
944,JEUCAA
945,8MEA7H
946,X5YJHN
947,B5P7JY
948,VTXW27
949,73XSZN
95,QS6H5Y
950,YCJPAD
951,BZZ6E5
952,5GH8NE
953,BFGPE9
954,FAE5NS
955,VB84YV
956,96WM67
957,PTQPVH
958,QUKEC5
959,6HAHT7
96,6WXVJJ
960,W8RMMT
961,KPJ3EV
962,H9TRU7
963,KT6RJC
964,EKXHW7
965,UV2SY6
966,QHEWVF
967,PF49SF
968,HSXUV4
969,ZFDAAY
97,CW6V37
970,V42RR7
971,GYRPDM
972,T3Y48Y
973,T9VAPS
974,27E42P
975,K58S4P
976,AFU2SV
977,BGFZ77
978,EDZJVX
979,WNJBDC
98,GGUR4K
980,5RZ233
981,NKBUWG
982,F2SVM9
983,P3P8J8
984,QAT5ED
985,456KB7
986,HYXNUQ
987,JSEFHY
988,V74UKZ
989,BZQ7UX
99,X2HFH7
990,CKFDUH
991,H7X9PP
992,EM299Q
993,KYB8DN
994,4FC2AX
995,HDR6AT
996,QWZ668
997,858C6S
998,W6PCRC
999,685KMZ
